store-id,name,country-code,state-name,state-code,city,postal-code,phone,address1,address2,email,latitude,longitude,store-hours,flagshipStore
FFXCUS0050,Sandeep Cycle Traders,IN,Andhra Pradesh,AP,Vijayawada,520010,91-9848497497 / 0866-2497498,D-No-40-1/1-17,Opposite Pvp Square Mall,customercare@firefoxbikes.com,16.502695,80.64348,,
FFXCUS0057,Balaji Cycle Traders,IN,Andhra Pradesh,AP,Tirupathi,517502,91-9000881528,D.No. 19/8/181/15,Ground Floor,customercare@firefoxbikes.com,13.622924,79.421306,,
FFXCUS1908,Firstcry,IN,Andhra pradesh,AP,Rajamundry,533103,9848063535,D No 75-7-23,"Jagna Building, Opposite ICICI ATM,",customercare@firefoxbikes.com,17.0064559,81.7895293,,
FFXCUS2339,Pedal zone (Sandeep cycle),IN,Andhra Pradesh,AP,Guntur,522002,0863-2227497 / 9848497497,D-NO-6-14-29/A,14/1-ARUNDELPETA,customercare@firefoxbikes.com,,,,
FFXCUS2934,Sai Balaji cycle traders,IN,Andhra Pradesh,AP,Nellore,524004,9000881528,"D.No. 24-6-278,  Kvr Petrol","Bunk Circle, Gnt Road",customercare@firefoxbikes.com,14.437715,79.971004,,
FFXCUS4467,Cycle &amp; Bikes Agencies,IN,Andhra Pradesh,AP,Kadapa,516001,8886031114 / 08562222775,20/1149,,customercare@firefoxbikes.com,14.4772134,78.8297004,,
FFXCUS4835,Gupta Cycle Stores,IN,Andhra Pradesh,AP,Anantapur,515001,"0562-4010554, 9412155554, 7906514762","15-114, Subhash Road,","New Town, Near Vijaya Bank,",customercare@firefoxbikes.com,14.6789879,77.6006683,,
FFXCUS6746,SLR CYCLES-VIZIANAGARAM,IN,Andhra pradesh,AP,VIZINAGARAM,525002,9676084179,"8-1-75, M G ROAD ,",VIZIANAGARAM,customercare@firefoxbikes.com,,,,
,Cycle Junction,IN,Andhra Pradesh,AP,Visakhapatnam,530003,9346600279,"D No. : 10-1-24,","Behind B.P Petrol Bunk,",customercare@firefoxbikes.com,17.724649,83.309574,,
,Cycle Junction,IN,Andhra Pradesh,AP,Kakinada,533005,91-9666511116,"4-392/21,Ramanayyapeta","Sarpavaram Junction,Trust Hospital Road",customercare@firefoxbikes.com,,,,
FFXCUS0142,Fitness Hub,IN,Assam,AS,Silchar,788001,03842 260 384,"333/3, Karni Kripa, ","Near Govt. Boys School, ",customercare@firefoxbikes.com,24.8269201,92.8026989,,
FFXCUS5372,SPOKEHUB CYCLING,IN,Assam,AS,Guwahati,781036,7002901755,"Ground Floor, Mimi House,","Near Pratiksha Hospital, VIP Road, Borbari, Ghy-36",customercare@firefoxbikes.com,26.159,91.816,,
FFXCUS5665,BIKE &amp; HIKE ADVENTURES-SIVASAGAR,IN,Assam,AS,Sivasagar,785640,8402933805,"37, Na-Ali,",Meteka Bongaon Mouza,customercare@firefoxbikes.com,,,,
FFXCUS6634,UPPER ASAM CYCLE CO-DIBRUGARH,IN,Assam,AS,Dibrugarh,786001,8638767058,"A.T. ROAD,",DIBRUGARG DIST-DIBRUGARH,customercare@firefoxbikes.com,,,,
FFXCUS6959,Killa Cycle Co,IN,Assam,AS,Tinsukia,786125,8876816911,,,customercare@firefoxbikes.com,,,,
FFXCUS7691,PANKAJ CYCLE STORE-NAGAON,IN,Assam,AS,NAGAON,782002,9435160001,"PANKAJ CYCLE STORE,","HAIBARGAON, HAIBARGAON",customercare@firefoxbikes.com,,,,
FFXCUS8780,M/S PEDAL STREET-JORHAT,IN,Assam,AS,JORHAT,785001,9706048966,"KOTOKY PUKHURI,","OPP. INDIAN OIL PETROL PUMP, A.T.ROAD",customercare@firefoxbikes.com,,,,
FFXCUS8823,ARP &amp; CO,IN,Assam,AS,Guwahati,781003,8720904400,"Ground Floor, Satyapoona,",B.Baruah Road,customercare@firefoxbikes.com,26.1799,91.756336,,
FFXCUS9131,IMPERIAL CYCLE CO-GUWAHATI,IN,Assam,AS,GUWAHATI,781001,9864620001,"GROUND, 52/A, BABU BAZAR,","H.B.ROAD, FANCY BAZAR, Kamrup Metropolitan",customercare@firefoxbikes.com,,,,
FFXCUS9660,GS Sports,IN,Bihar,BR,Purnea,854305,9973362204,"NH31, Kaptanpara, ",,customercare@firefoxbikes.com,,,,
CCCH004,Firefox Bike Station,IN,Chandigarh,,Chandigarh,160022,"0172-4610088, 8929705158",Sco No. 2470,,customercare@firefoxbikes.com,30.727991,76.770027,,
FFXCUS7275,Anand Cycle Works,IN,Chandigarh,,Chandigarh,160101,9316511695,Shop No-1068,Oppsite Children's Park,customercare@firefoxbikes.com,,,,
FFXCUS1777,Mathura Cycle Stores,IN,Chhattisgarh,CG,Durg,491001,9926166677,Siddhi Vinayak,"Ganesh Mandir, ",customercare@firefoxbikes.com,21.1884961,81.2793992,,
FFXCUS0119,Aarya Bikes,IN,Chhattisgarh,CG,Raipur,492001,9424200770 / 7692900770 / 0771-4022732,"C 2/105, First Floor","Aishwarya Chambers, Telibandha,",customercare@firefoxbikes.com,21.238666,81.676763,,
FFXCUS0145,Rohra Auto Agencies,IN,Chhattisgarh,CG,Bilaspur,495001,91-9300286789 / 91-9827469222 / 91-9827169637,Mission Hospital Road,,customercare@firefoxbikes.com,22.086498,82.151047,,
FFXCUS1779,The Bicycle Hub,IN,Chhattisgarh,CG,Raipur,492001,8878695100,In front of Surya Vihar,,customercare@firefoxbikes.com,21.2216435,81.6486251,,
FFXCUS8857,Bharat Cycle Store,IN,Chhattisgarh,CG,Rajnandgaon,491441,7772899909,Raipur Naka,GE Road,customercare@firefoxbikes.com,21.099949,81.051493,,
FFXCUS9021,Hercules Sports &amp; Fitness,IN,Chhattisgarh,CG,Raigarh,496001,7205380325,Gouri shankar Mandir,,customercare@firefoxbikes.com,21.89484,83.395878,,
FFXCUS9090,Anand Cycle Store,IN,Chhattisgarh,CG,Ambikapur,497001,9425254348,Surgurja,,customercare@firefoxbikes.com,23.135503,83.181791,,
CCJE007,Firefox Bikes Station,IN,Delhi,DL,New Delhi,110055,1145025651,4E/8,Ground Floor,customercare@firefoxbikes.com,28.646287,77.202844,,
CCJW006,Firefox Bike Station- Kids,IN,Delhi,DL,New Delhi,110055,011-47506842,"Shop No 11 A, Ground Floor",DDA Cycle Market,customercare@firefoxbikes.com,28.6462231,77.2007913,,
CCSV008,Firefox Bike Station,IN,Delhi,DL,New Delhi,110034,011-45566800 /  9871294516,"B- 306, Saraswati Vihar",,customercare@firefoxbikes.com,28.6994934,77.1245346,,
FFXCUS0112,Supreme Cycle Co.,IN,Delhi,DL,New Delhi,110016,9891299007 / 011-26562415,"48/2,",Yusuf Sarai,customercare@firefoxbikes.com,28.560167,77.207484,,
FFXCUS0116,Gandhi Cycles,IN,Delhi,DL,New Delhi,110018,9990280808 / 011-42137137,"40, Main Market",Tilak Nagar,customercare@firefoxbikes.com,28.637027,77.09593,,
FFXCUS0117,Grace,IN,Delhi,DL,New Delhi,110009,9999393681 / 9999393480,"298, T.P Extension ",Near Model Town Metro Station,customercare@firefoxbikes.com,,,,
FFXCUS0129,Just Bicycle &amp; Accessories,IN,Delhi,DL,New Delhi,110007,0562-4010554 /  9412155554 /7906514762,"112 D,",Kamla Nagar,customercare@firefoxbikes.com,,,,
FFXCUS0132,Cyclofit Concept,IN,Delhi,DL,New Delhi,110030,9810040925 / 8800705723,"Shop No.842, M.G Road",Opposite Big Boys Toys,customercare@firefoxbikes.com,28.492242,77.146077,,
FFXCUS0134,Durga Cycle,IN,Delhi,DL,New Delhi,110063,9999178193 / 9911075111 / 011-25256970,A-3/319,Paschim Vihar,customercare@firefoxbikes.com,28.670128,77.102552,,
FFXCUS0141,M S Retails,IN,Delhi,DL,New Delhi,110059,9873454267,43/B Main Najafgarh Road,Uttam Nagar,customercare@firefoxbikes.com,,,,
FFXCUS0143,Devtaru Bike Retail,IN,Delhi,DL,New Delhi,110019,91-9811256001 / 011-41082212,"K-1/18, Lower Ground Floor",C.R Park Main Road,customercare@firefoxbikes.com,28.539274,77.252793,,
FFXCUS0146,Raj Cycle Store,IN,Delhi,DL,New Delhi,110070,011-26138989 / 91-9717183939,"A-47, Masood Pur Market","Main Road, Next To Bata Exclusive Store",customercare@firefoxbikes.com,28.526086,77.153855,,
FFXCUS0293,Rockey Cycles Pvt. Ltd.,IN,Delhi,DL,New Delhi,110085,9811032353 / 011-27941154,"F - 18/61,","Sector - 8,  Rohini",customercare@firefoxbikes.com,28.701008,77.116648,,
FFXCUS0320,Shiv Naresh Sports Pvt Ltd,IN,Delhi,DL,New Delhi,110015,011-49404760 / 8595322208,1/3 Kirti Nagar,"Industrial Area,",customercare@firefoxbikes.com,28.654483,77.147859,,
FFXCUS10996,3 Aces Enterprises ,IN,Delhi,DL,New Delhi,110024,9999136269 / 011-35529152,D-15A Ground Floor,Opp. Metro station Gate No-5,customercare@firefoxbikes.com,28.57068,77.24024,,
FFXCUS1770,S S Overseas,IN,Delhi,DL,New Delhi,110031,011 22540303,"559, Patpar Ganj Road","Gandhi Nagar, Jheel Khurenja,",customercare@firefoxbikes.com,28.6568285,77.2762182,,
FFXCUS3082,The Amazing Bikes,IN,Delhi,DL,New Delhi,110075,7814421268,163 Ramphal Chowk Road,Opposite SBI ,customercare@firefoxbikes.com,28.5860543,77.0713347,,
FFXCUS3517,The Bike Safari,IN,Delhi,DL,New Delhi,110025,9650277045,Chaudhary Complex,"Block G &amp; H, Abu Fazal - II",customercare@firefoxbikes.com,28.5423534,77.3023035,,
FFXCUS6654,Imperial Cycles,IN,Delhi,DL,New Delhi,110027,011-41854185 / 9663700558,Rajouri Garden,,customercare@firefoxbikes.com,,,,
FFXCUS9047,Garg Cycle House,IN,Delhi,DL,New Delhi,110084,9211425633 / 9212374943,"Kh,No,735/1,",100 Foota Road Near Honda Showroom,customercare@firefoxbikes.com,,,,
FFXCUS9657,Mayur Fitness Solution,IN,Delhi,DL,New Delhi,110093,"8882087207 , 9999649934","A-15/A,Main 100ft. Road",West Jyoti Nagar,customercare@firefoxbikes.com,,,,
FFXCUS0150,Champs Fitness Planet,IN,Goa,GA,Goa,403001,0832-6644963 / 0832-6647257,"Ag1,",Casa Immaculada,customercare@firefoxbikes.com,15.499284,73.829221,,
FFXCUS9923,Madhav R Barve Enterprises,IN,Goa,GA,Mapusa,403507,9422387039,"Shop No. 8, Srinivas chambers","Main Road,Mapusa",customercare@firefoxbikes.com,,,,
FFXCUS0161,Shivdeep Cycle Track,IN,Gujarat,GJ,Surat,395009,9879022025,"FF 109/110, Riddhi Residency, Near SBI Bank",LP Savani School Road,customercare@firefoxbikes.com,,,,
FFXCUS0164,Laxmi Cycles,IN,Gujarat,GJ,Ahmedabad,380054,9662556061,"Shop No. 101,102, F.F.,","K-158 Complex,",customercare@firefoxbikes.com,23.040347,72.504697,,
FFXCUS0164,Laxmi Cycle Works,IN,Gujarat,GJ,Ahmedabad,380006,91-7926469081 / 91-7926465213 / 91-9327613020,Opposite Khadi Sarita,Near Bhai Kaka Hall,customercare@firefoxbikes.com,23.023991,72.560731,,
FFXCUS0164,Laxmi Cycle &amp; Adv. Health Equipment Shop,IN,Gujarat,GJ,Ahmedabad,380006,079 26460158 / 079 40031939,"G-5, Shitiratna Complex,",Nr. Radisson Blu Hotel,customercare@firefoxbikes.com,23.023004,72.556702,,
FFXCUS0165,Parth Enterprise,IN,Gujarat,GJ,Vadodara,390007,9824059714 / 0265-2340491 / 0265-2359714,"131, Matrimandir Society,","Gate No. 4, Behind Pratham Complex,",customercare@firefoxbikes.com,22.314411,73.142007,,
FFXCUS0182,Super Cycle Store,IN,Gujarat,GJ,Valsad,396001,8401695075 / 7041342357,"Beside Ht Depot,",Bechar Road,customercare@firefoxbikes.com,20.610319,72.931404,,
FFXCUS0201,The Cycle Shop,IN,Gujarat,GJ,Ahmedabad,380054,9979737002 / 9909918971,"Shop No - 16, Goyal Terrace",Near Hotel Pride,customercare@firefoxbikes.com,23.037169,72.515808,,
FFXCUS12820,FURI  CYCLES,IN,Gujarat,GJ,JUNAGADH,362001,9725167480,"104/105/114, CRYSTAL A",APPLEWOOD Township,customercare@firefoxbikes.com,21.49908675,70.41754348,,
FFXCUS1642,Noble Enterprises,IN,Gujarat,GJ,Bhavnagar,364001,9426024111 / 0278-2427861 / 0278-3001233,51/52 Madhav Darsan,Waghavadi Road,customercare@firefoxbikes.com,21.764489,72.151931,,
FFXCUS2334,Shree Raj Nagar Cycle Co.,IN,Gujarat,GJ,Ahmedabad,380026,9662668383,"C T M, National Highway No 8","Amraiwadi, Opposite Bharvi Tower",customercare@firefoxbikes.com,22.997181,72.634215,,
FFXCUS2334,Shree Rajnagar Cycle,IN,Gujarat,GJ,Ahmedabad,380026,9662668383,"A/6, Vaibhav Nagar, Opposite Bharvi Tower,","Near Purvadeep Society,",customercare@firefoxbikes.com,22.9971666,72.6342166,,
FFXCUS3128,Galaxy Cycle Agencies,IN,Gujarat,GJ,Rajkot,360002,0281-2462831 / 9978734379 ,"6th  Silver Arc,","Near Malviya Petrol Pump Gondal Road,",customercare@firefoxbikes.com,,,,
FFXCUS5083,Bharat Cycle Store,IN,Gujarat,GJ,Rajkot,360005,7507616615,"Shop No 1, Opposite SBI",150 ft Ring Road,customercare@firefoxbikes.com,,,,
FFXCUS9800,Bird Stone Marketing,IN,Gujarat,GJ,Mehsana,384205,7990025099 / 9687614334,"Ground Floor 1,2","Metricon Plaza, Opposite Harsiddh Party Plot",customercare@firefoxbikes.com,,,,
,Chirag Stores,IN,Gujarat,GJ,Ankleshwar,392002,,"6, Gidc, Shopping Centre",Opp. Roshan Cinema,customercare@firefoxbikes.com,21.614575,73.007812,,
,Revolution Bike Store,IN,Gujarat,GJ,Ahmedabad,380015,91-9879480038,(Only Trek Bikes),"Inside Hpcl Petrol Pump, Next To Ccd",customercare@firefoxbikes.com,23.03212,72.52419,,
,Shiv Shakti Cycle Store,IN,Gujarat,GJ,Ahmedabad,382424,9925236752,BRTS Road,,customercare@firefoxbikes.com,,,,
FFXCUS10022,NEW AMBICA CYCLE WORKS-GANDHINAGAR,IN,Gujrat,GJ,Kalol,382721,8238917602 / 9228881349,"G- 15, city mall -1 Navjivan mill compound",opposite . Ice Factory kalol,customercare@firefoxbikes.com,23.239487,72.499596,,
FFXCUS5315,NEW SILWASSA CYCLE STORE-VALSAD,IN,Gujrat,GJ,Vapi,396195,9924002526,"Shop  No.32,Nagar seth chamber, Opp.Hotel Galaxy","Near Dr.Naik Dental Clinic, Gunjan,Vapi",customercare@firefoxbikes.com,20.3752769,72.91954233,,
FFXCUS6694,TIRUPATI CYCLE STORES-BANASKANTHA,IN,Gujrat,GJ,Palanpur,355001,9104547287,Behind Cozy Tower,opp. Swagat Mall,customercare@firefoxbikes.com,,,,
FFXCUS6699,PINU ENTERPRISE-KUTCH,IN,Gujrat,GJ,Ghadhidham,370201,9638294001,shop No.North 2/north 3,"Main Bazzar, Ghandhidham",customercare@firefoxbikes.com,23.068825,70.140724,,
FFXCUS6820,SHRI NARAYAN CYCLE SERVICE-JAMANAGAR,IN,Gujrat,GJ,Jamnagar,361001,9106896951,"Opp. Kishore Motor ,","Near Samsung TV Showroom,Ranjit Road , Jamanagar",customercare@firefoxbikes.com,22.468632,70.075005,,
FFXCUS9974,PRAMUKH CYCLES-SURAT,IN,Gujrat,GJ,Surat,395007,8128836363,,"G-67,66 ,Ofira Buniess Hub",customercare@firefoxbikes.com,19.69725966,72.76646145,,
FFXCUS0073,Kathuria Cycle Store,IN,Haryana,HR,Sonipat,131000,9896555404 / 9996910248,Mamu Bhanja Chowk,Delhi Road,customercare@firefoxbikes.com,28.994879,77.024341,,
FFXCUS0073,Syal Cycles Store,IN,Haryana,HR,Sonipat,131001,91-9855203322 / 0183-2221325,Near Pwd Rest House,Railway Road,customercare@firefoxbikes.com,28.991199,77.019197,,
FFXCUS0074,Madan Trading Company,IN,Haryana,HR,Panipat,132103,9991383900 / 9896229728 / 0180-2634899,"Lal Batti Chowk,",,customercare@firefoxbikes.com,29.394855,76.969392,,
FFXCUS0078,Gokal Chand Har Bhagwan,IN,Haryana,HR,Hisar,125001,9996644377 / 9896572679,Parijat Chowk Hisar,,customercare@firefoxbikes.com,29.160151,75.721222,,
FFXCUS0079,Sheel Cycle &amp; Auto Store,IN,Haryana,HR,Karnal,132001,9034181527,Radha Soami Market,Model Town,customercare@firefoxbikes.com,29.699116,76.996371,,
FFXCUS0081,Krishna Stores,IN,Haryana,HR,Jind,126102,9034777146,"S.C.F. 17, Rani Talab",,customercare@firefoxbikes.com,29.313141,76.318556,,
FFXCUS0082,Colorz,IN,Haryana,HR,Yamuna Nagar,135001,8221000200,"141 A/1,",Model Town,customercare@firefoxbikes.com,30.136224,77.287106,,
FFXCUS0086,Mulakh Raj &amp; Sons,IN,Haryana,HR,Ambala,133001,1712631453,"113/8, Gurudwara Road",Opposite Pragat Shiv Mandir,customercare@firefoxbikes.com,30.33689,76.836936,,
FFXCUS0098,Yuva Auto Nation,IN,Haryana,HR,Rewari,123401,9416450000,"104 Rl, Near Sonu Juice Corner",Model Town,customercare@firefoxbikes.com,28.187548,76.615991,,
FFXCUS0103,Brijwasi Cycle Store,IN,Haryana,HR,Bahadurgarh,124507,9896216069,"Balaji Plaza, Nh 10","Near Civil Hospital,",customercare@firefoxbikes.com,28.694838,76.924527,,
FFXCUS0105,Ahuja Trading Company,IN,Haryana,HR,Rohtak,124001,91-9896555404 / 91-9996910248,Delhi Road,Opposite Ashoka Plaza,customercare@firefoxbikes.com,28.893635,76.599544,,
FFXCUS0122,Rajpal Retail Outlet,IN,Haryana,HR,Gurgaon,122018,8826331333,Khasra No. 405,Opposite JMD Garden,customercare@firefoxbikes.com,28.434156,77.036115,,
FFXCUS0125,Singla Cycle Works,IN,Haryana,HR,Faridabad,121001,9891405042 / 0129-2291949,Near New Aggarwal Dharamsala,Aggarsain Bazzar,customercare@firefoxbikes.com,28.423993,77.320532,,
FFXCUS0125,Golden Petal Ventures,IN,Haryana,HR,Faridabad,121002,9810161566 / 0129-2981088,"SCO-58, Ground Floor",Omaxe World Street,customercare@firefoxbikes.com,,,,
FFXCUS0338,Ryderz,IN,Haryana,HR,Bhiwani,127021,9996836036,MCD UNIT NO. 1809,VIDYA NAGAR,customercare@firefoxbikes.com,28.810368,76.153735,,
FFXCUS0340,City Bike Hub,IN,Haryana,HR,Sohna,122103,9813203135,Damdama Road,Near Khatana Furniture Sohna,customercare@firefoxbikes.com,28.252021,77.070835,,
FFXCUS0699,A Crossbow INC- Panchkula,IN,Haryana,HR,Panchkula,134116,98773 24870,Shop no. 1&amp;2,"Panchkula, Fatehpur Sec-20",customercare@firefoxbikes.com,30.670676,76.861166,,
FFXCUS10611,STAR BIKES,IN,Haryana,HR,Palwal,121102,9812262306,"291/8, NEAR SEHRAWAT HOSPITAL,",RASULPUR ROAD,customercare@firefoxbikes.com,,,,
FFXCUS10611,STAR BIKES,IN,Haryana,HR,Palwal,121102,9812262306,"291/8, NEAR SEHRAWAT HOSPITAL,",RASULPUR ROAD,customercare@firefoxbikes.com,,,,
FFXCUS10747,NARENDRA AUTO AND CYCLE STORE,IN,Haryana,HR,Ballabhgarh,121004,9999069701,"Shop N0. 4, Ambedkar Chowk,","Mohna Road, Ballabhgarh Faridabad",customercare@firefoxbikes.com,,,,
FFXCUS11359,THE BICYCLE STUDIO,IN,Haryana,HR,Gurugram,122004,9654440450,Shop No. LG-141,IRIS BROADWAY,customercare@firefoxbikes.com,,,,
FFXCUS12462,SAVARSHAKTI CYCLES,IN,Haryana,HR,PATAUDI,122503,8950451518,MAIN BHORA BILLASPUR ROAD,NEAR AXIS BANK,customercare@firefoxbikes.com,28.3255,76.7782,,
FFXCUS13227,PUNEET TRADERS,IN,Haryana,HR,JAGADHRI,135003,9729940644 / 9034172444,BURIA GATE,NEAR SHARMA TENT HOUSE,customercare@firefoxbikes.com,30.16622,77.30695,,
FFXCUS13421,Dharam Chand darshan lal,IN,Haryana,HR,jind,126102,7015012205,old bsnl telephone exchange,jind,,,,,
FFXCUS3975,Gurgaon Bikes by Rajpal Retail,IN,Haryana,HR,Gurgaon,122002,9958967353,"A 14/4, Opposite Mega Mall",Golf Course Road,customercare@firefoxbikes.com,28.4752709,77.0940597,,
FFXCUS4640,Jain Cycle Bhandar,IN,Haryana,HR,Rohtak,124501,9896418811 / 9854222224,,,customercare@firefoxbikes.com,28.8935324,76.5805984,,
FFXCUS4820,Chadha Cycle Store,IN,Haryana,HR,Ambala,133001,9468447729 / 9416085668,"Shop No. 13, Amba Complex",Staff road near Janta Sweets,customercare@firefoxbikes.com,,,,
FFXCUS4995,Shanti Dass Cycle Works,IN,Haryana,HR,Faridabad,121006,8851253850 / 9810306749,"123,",,customercare@firefoxbikes.com,28.3707324,77.3295735,,
FFXCUS5262,The Bicycle Garage,IN,Haryana,HR,Gurgaon,122001,9811788810 / 0124-2302121,"Shop No. 8,  Red Cross Complex,",Opp. Civil Hospital,customercare@firefoxbikes.com,28.461308,77.032149,,
FFXCUS7211,Mangal Cycle Works,IN,Haryana,HR,Kaithal,136027,8607777751,Railway Road,,customercare@firefoxbikes.com,,,,
FFXCUS7213,Jagdish Cycle Store,IN,Haryana,HR,Charkhi Dadri,127306,9719134433,,,customercare@firefoxbikes.com,,,,
FFXCUS8224,Chhabra Enterprises,IN,Haryana,HR,Sirsa,125055,9729306600,"Begu Road, Axis Bank",First Floor,customercare@firefoxbikes.com,,,,
FFXCUS8501,Cycle World,IN,Haryana,HR,Sonipat,131028,9671884888,"47 &amp; 73, Rodeo Drive Mall, ","TDI City, NH44",customercare@firefoxbikes.com,28.8992469,77.1144138,,
FFXCUS8502,Vishal Cycles,IN,Haryana,HR,Kurukshetra,136118,9729898988,SCO 52,,customercare@firefoxbikes.com,29.971472,76.875944,,
FFXCUS8502,Vishal Cycles,IN,Haryana,HR,Kurukshetra,136118,91-9855203322 / 0183-2221325,Near Gol Bank Chowk,,customercare@firefoxbikes.com,29.969611,76.845472,,
FFXCUS9151,Himanshu Cycle Store,IN,Haryana,HR,Bhiwadi,301019,9694841121,Opposite Kaushik Hospital,,customercare@firefoxbikes.com,,,,
FFXCUS9679,Bharat Cycle Store,IN,Haryana,HR,Ambala,134003,9416280880 / 9416689399 / 7015339472,COURT ROAD,NEAR MANAV CHOWK,customercare@firefoxbikes.com,,,,
,VSR Retail Outlet,IN,Haryana,HR,Gurgaon,122001,0124-4799535 / 8882805447 / 9650900461,"G-16 BAANI ADDRESS ONE,","GOLF COURSE ROAD SEC-56,",customercare@firefoxbikes.com,28.422129,77.10427,,
,Gurgaon Bikes,IN,Haryana,HR,Gurgaon,122018,8826337515 / 0124-4231517,"AG-78, AG-96,Unitech Arcadia","South City-2,Sector-49",customercare@firefoxbikes.com,,,,
FFXCUS0065,Eco-Ride Enterprises,IN,Himachal Pradesh,HP,Kullu,175101,9418270755,Akhara Bazar,Ramshilla,customercare@firefoxbikes.com,31.968451,77.119399,,
FFXCUS0070,Warrior Agencies (Amit Sports),IN,Himachal Pradesh,HP,Shimla,171001,9418023023 / 9625894500 / 9816649525,"39, Middle Bazar",,customercare@firefoxbikes.com,31.104483,77.172994,,
FFXCUS0084,Himalayan Bike Bar,IN,Himachal Pradesh,HP,Manali,175131,9418612482,"Old mission road,",,customercare@firefoxbikes.com,32.24462,77.189486,,
FFXCUS0088,Manik Gallery,IN,Himachal Pradesh,HP,Mandi,175001,01905-222434 / 9418005943,Samkhetar Bazar,,customercare@firefoxbikes.com,,,,
FFXCUS0850,Pathania Wonder Gallery,IN,Himachal Pradesh,HP,Kangra,176209,9736730688 / 9816633307,Opp - Petrol Pump,VPO - Gaggle,customercare@firefoxbikes.com,32.151968,76.271319,,
FFXCUS10731,AP CYCLES,IN,Himachal Pradesh,HP,UNA,174303,9417848282,"NANGAL ROAD UNA 171,103,","MOUNT CARMEL SCHOOL,RAKKAR COLONY",customercare@firefoxbikes.com,,,,
FFXCUS10731,AP CYCLES,IN,Himachal Pradesh,HP,UNA,174303,9417848282,"NANGAL ROAD UNA 171,","103,MOUNT CARMEL SCHOOL,RAKKAR COLONY",customercare@firefoxbikes.com,,,,
FFXCUS7274,N K Enterprises,IN,Himachal Pradesh,HP,Hamirpur,177005,7018302229,Commercial Complex,,customercare@firefoxbikes.com,,,,
FFXCUS8651,Shivam Seats,IN,Himachal Pradesh,HP,Solan,173212,8360368811,,,customercare@firefoxbikes.com,,,,
FFXCUS9862,Ahuja &amp; Co,IN,Himachal Pradesh,HP,Sirmaur,173025,7310806655,NH Wing N0-7,Ponta Sahib,customercare@firefoxbikes.com,30.444842,77.60004,,
,Chanakya Point,IN,Himachal Pradesh,HP,Solan,173212,8091020032 / 9816026232 / 0179-2223232,Opposite Anand Compex,Basement Floor,customercare@firefoxbikes.com,30.909376,77.100503,,
,Cyclesookal,IN,Himachal Pradesh,HP,Kangra,176077,91-9882604952 / 91-8793378080,Lambhahar Village (Chowgan),Near Bir Tibetian Colony,customercare@firefoxbikes.com,32.039081,76.712064,,
,M S Bike Studio,IN,Himachal Pradesh,HP,Kangra,176102,9816633307,"Near ABM School, Thakur Dwara,",,customercare@firefoxbikes.com,,,,
FFXCUS4651,Kamal Enterprises,IN,Jammu And Kashmir,JK,Udhampur,182101,9906048324 / 01992271627,"Opposite J &amp; K Bank, ",Lambi Gali,customercare@firefoxbikes.com,32.9213375,75.1293104,,
FFXCUS0066,Ace Engineers,IN,Jammu And Kashmir,JK,Jammu,180010,0191-2480465,Near Bsnl Office,National Highway Gangyal,customercare@firefoxbikes.com,32.670671,74.868901,,
FFXCUS0066,Ace Engineers,IN,Jammu And Kashmir,JK,Jammu,180014,0191-2477325,"Shop No.28,","A-2, South Block",customercare@firefoxbikes.com,32.704365,74.872163,,
FFXCUS0066,ACE ENGINEERS,IN,Jammu And Kashmir,JK,JAMMU,180007,9419191016,"SHOP NO-23, JDA COMPLEX,","NEW PLOT, JANIPUR-JAMMU",customercare@firefoxbikes.com,,,,
FFXCUS0066,ACE ENGINEERS,IN,Jammu And Kashmir,JK,JAMMU,180007,9419191016,"SHOP NO-23, JDA COMPLEX","NEW PLOT, JANIPUR-JAMMU",customercare@firefoxbikes.com,,,,
FFXCUS0066,ACE ENGINEERS,IN,Jammu And Kashmir,JK,JAMMU,180007,9419191016,"SHOP NO-23, JDA COMPLEX,","NEW PLOT, JANIPUR-JAMMU",customercare@firefoxbikes.com,,,,
FFXCUS0093,Pedal Shoppe,IN,Jammu And Kashmir,JK,Srinagar,190008,9906500022,"248, Near Dav School",Jawahar Nagar,customercare@firefoxbikes.com,34.062105,74.815904,,
FFXCUS12920,HAJI AMIR JOO &amp; SONS,IN,Jammu And Kashmir,JK,SRINAGAR,190001,9419006799,"GROUND FLOOR,SHOPNO-2",LAL CHOWK,customercare@firefoxbikes.com,,,,
FFXCUS8650,M/S AUTOPACE AUTOMOBILESPOTUSHAHI BANDIPORA,IN,Jammu And Kashmir,JK,ANANTNAG,192101,7006465342,SHOP NO 24 KP ROAD,ANANTNAG,,,,,
FFXCUS8650,M/S AUTOPACE AUTOMOBILESPOTUSHAHI BANDIPORA,IN,Jammu And Kashmir,JK,ANANTNAG,192101,7006465342,SHOP NO 24 KP ROAD,,customercare@firefoxbikes.com,,,,
FFXCUS9681,D.K.RAINA CYCLE WORKS,IN,Jammu And Kashmir,JK,JAMMU,180003,7006889556,,,customercare@firefoxbikes.com,32.696627,74.851377,,
FFXCUS0130,Mithila Cycle Store,IN,Jharkhand,JH,Ranchi,843001,9835581750 / 9801177610,"Goshala,Beside Girdhar Plaza",Harmu Road,customercare@firefoxbikes.com,23.378106,85.315314,,
FFXCUS0130,Kedia Cycle Store,IN,Jharkhand,JH,Ranchi,834001,9234680880,Main Road,Near Firayalal Chowk,customercare@firefoxbikes.com,,,,
FFXCUS7115,M/S BHARAT CYCLE CO-JAMSHEDPUR,IN,Jharkhand,JH,Jamshedpur,831001,9471144444,"Avtar Building,","Main Road,Bistupur",customercare@firefoxbikes.com,,,,
FFXCUA11057,ENVIRO BIKES (A UNIT OF AGADI MOTORS PRIVATE LIMITED),IN,Karnataka,KA,DHARWAD,580001,9711680423,OPPOSITE NTTF,BELOW SBI DHARWAD,,15.45285,75.01057,,
FFXCUS0001,Jayant Probikes &amp; Fitness,IN,Karnataka,KA,Bangalore,560041,9845401350 / 080-26641144,"#574,11th Main, 5th Block","Diagnally Opp Post Office, ",customercare@firefoxbikes.com,12.922811,77.585864,,
FFXCUS0001,Jayant Probikes &amp; Fitness,IN,Karnataka,KA,Bangalore,560001,9845401350 / 080-40912557,5/2 Main Guard Cross Road,Near Safina Plaza,customercare@firefoxbikes.com,12.981516,77.607796,,
FFXCUS0001,Jayant Probikes &amp; Fitness,IN,Karnataka,KA,Bangalore,560003,9845401350 / 9845017029,Malleshwaram,Mantri Square,customercare@firefoxbikes.com,12.9916302,77.5689832,,
FFXCUS0001,Jayant Probikes &amp; Fitness,IN,Karnataka,KA,Bangalore,560037,9845401350 / 080 -42048625,"No - 18, First Floor, #101 A,","Above Khazana Jewellery, Krishna Summit Mall",customercare@firefoxbikes.com,12.957838,77.700927,,
FFXCUS0002,Orion Motors,IN,Karnataka,KA,Bangalore,560029,9945009749,"No. 518, Hosur Road",Op.P Forum Mall,customercare@firefoxbikes.com,12.933449,77.611015,,
FFXCUS0002,Orion Motors,IN,Karnataka,KA,Bangalore,560102,080- 22582244 /080- 22583366 / 9945006019,"65/7, S.M Industrial Estate","Sarjapur main road,",customercare@firefoxbikes.com,12.923972,77.654503,,
FFXCUS0003,Jyoti Cycle Stores,IN,Karnataka,KA,Mangalore,575001,8095506377 / 0824 2423325 /0824 4263325,Mission Street,Near State Bank  Bus Stop,customercare@firefoxbikes.com,12.86264,74.833843,,
FFXCUS0004,Deepak Cycle Stores,IN,Karnataka,KA,Hubli,580020,9886516885 / 8366290481,"3294/7, Koppikar Road",Pramod Chambers,customercare@firefoxbikes.com,15.346997,75.142609,,
FFXCUS0007,Infinity Studios,IN,Karnataka,KA,Belgaum,590006,9845134567,"Cts. No 219/1,G2, Sunray's Square,","Beside Indian Oil,Saraf Colony,",customercare@firefoxbikes.com,15.835873,74.506243,,
FFXCUS0007,Infinity Studios,IN,Karnataka,KA,Belgaum,590001,9845271199,"Shop No 6, Bilgi Plaza","Opp. Hotel Sanman,",customercare@firefoxbikes.com,15.864488,74.508731,,
FFXCUS0025,Sharada Cycle &amp; Watch Stores,IN,Karnataka,KA,Mysore,570023,9845147500 / 0821 4261224,"# 1684, 2nd Cross, P&amp;T Block",(Next To Hero Honda Showroom),customercare@firefoxbikes.com,12.292451,76.63032,,
FFXCUS0027,Feroze Cycle,IN,Karnataka,KA,Hassan,573201,9060795080,Devegere Circle,,customercare@firefoxbikes.com,,,,
FFXCUS0038,Feroze Cycle Mart,IN,Karnataka,KA,Chikmagalur,577101,9986633538,1st Floor Khan Buildings,Opp. Nagalaxmi Talkies,customercare@firefoxbikes.com,,,,
FFXCUS0039,Jyoti Cycle Stores,IN,Karnataka,KA,Mangalore,575002,0824 4276377,"Ground Floor,  &quot;Anna Vista&quot;,","Near Kadri Petrol Pump,",customercare@firefoxbikes.com,12.881126,74.860297,,
FFXCUS0042,Vinayaka Cycle Store,IN,Karnataka,KA,Tumkur,572101,8162273903 / 9986298397,"First Floor,Vivekananda Road",,customercare@firefoxbikes.com,13.3428,77.102852,,
FFXCUS0049,Eesh Entrepreneurs,IN,Karnataka,KA,Davangere,577005,91-9611172627 / 08182-262288,Dr. Satyendra Rao Sqaure,"2033/1p, 3p, 7p, Opp Cafe Coffee Day",customercare@firefoxbikes.com,14.444079,75.916561,,
FFXCUS0055,Dilip Cycle Store,IN,Karnataka,KA,Bidar,585401,6362583880 / 8196027616,Pawar Complex,Opposite Firstcry,customercare@firefoxbikes.com,17.91538,77.520854,,
FFXCUS0470,The Bike Farm,IN,Karnataka,KA,Udupi,576114,9986874243,Near Daily Needs Super Market,Lewis Arcade Nh 66,customercare@firefoxbikes.com,13.38318,74.738208,,
FFXCUS0473,Cycle World,IN,Karnataka,KA,Bangalore,560085,8497000069  / 9886743406,"No.5, B. Nanjaiah Complex, 3rd Phase","Kathriguppe Circle, 4th Block,",customercare@firefoxbikes.com,12.925885,77.549454,,
FFXCUS0473,Jayant Probikes &amp; Fitness,IN,Karnataka,KA,Bangalore,560076,9538702707 / 9845401350,"E1/4 &amp;E1/11, 1st Floor and Basement Above Kotak Mahindra Bank,","Bannerghatta Main Rd, Syndicate Bank Colony, Venugopal Reddy Layout, ",customercare@firefoxbikes.com,12.8846743,77.5940179,,
FFXCUS1995,Manikanta Traders,IN,Karnataka,KA,Hyderabad,500062,9246319692 / 040 27132903,"Door No. 19-66,",Laxmipuram Colony,customercare@firefoxbikes.com,17.480201,78.557054,,
FFXCUS2988,Jayant Pro Bikes,IN,Karnataka,KA,Bangalore,560095,9845401350,"Near Prost,","80 Feet Road, 4th Block,",customercare@firefoxbikes.com,,,,
FFXCUS2988,Jayant Probikes &amp; Fitness,IN,Karnataka,KA,Bangalore,560034,9845401350,"748 ,80 feet road",Opposite Levi's store,customercare@firefoxbikes.com,,,,
FFXCUS3514,Raj Shri Enterprises,IN,Karnataka,KA,Vijaypura,586101,8352241489,"Deogiri Lane, Near Bukhari Masjid",,customercare@firefoxbikes.com,,,,
FFXCUS4468,Flying Wheels,IN,Karnataka,KA,Bangalore,560054,9886066544,"#572,","61, 63rd Cross Rd,",customercare@firefoxbikes.com,12.9892492,77.5538945,,
FFXCUS4468,R R Cycle,IN,Karnataka,KA,Bangalore,560032,9844332231,"6/44, Ground Floor,",Bellary Road,customercare@firefoxbikes.com,13.0239945,77.5849276,,
FFXCUS4655,Shah Cycle &amp; Auto Centre,IN,Karnataka,KA,Gulbarga,585102,08472277253 /  08472277254 / 9448022213,,,customercare@firefoxbikes.com,,,,
FFXCUS4738,Shilpa Cycle Store,IN,Karnataka,KA,Chikmagalur,577101,9980318883,,,customercare@firefoxbikes.com,13.3231148,75.7719955,,
FFXCUS9925,AMBIKA CYCLES-BALLARI,IN,Karnataka,KA,BELLARY,583101,9901818383,"OPP NAGESHWARA SWAMY TEMPLE,","Brahmin St, Ballari",customercare@firefoxbikes.com,,,,
,Sri Sathyanarayana Cycle Mart,IN,Karnataka,KA,Mandya,571401,8867616228 / 9341314139,Kariyappa Building,Shop No. 6,customercare@firefoxbikes.com,,,,
,Inamdar Cycles,IN,Karnataka,KA,Belgaum,590002,0831-4207987 / 9886710922,"2972, Khade Bazar",,customercare@firefoxbikes.com,15.861531,74.51653,,
,Shah Bikes,IN,Karnataka,KA,Bangalore,560024,9916300966,331/334 2nd floor ,Dilip plaza New international airport road ,customercare@firefoxbikes.com,13.0681362,77.5905303,,
,Flying Wheels,IN,Karnataka,KA,Bangalore,560022,8041330528,# 1114/63 Shri Takur Complex SC Road 1st Maim Road ,Opposit Karavali Deluxe Restaurant,customercare@firefoxbikes.com,,,,
FFXCUS4268,Cycling Solution,IN,Karnataka ,KA,Bangalore,560065,9986619933,796,Major Sandeep Unnikrishnan Rd,customercare@firefoxbikes.com,,,,
FFXCUS4268,CYCLING SOLUTION ,IN,Karnataka ,KA,Bangalore,560048,9986619933,"Shop no. 7 &amp; 8, Puttappa Complex ",Whitefield Road,customercare@firefoxbikes.com,,,,
FFXCUS0018,Just Buy Cycles,IN,Kerala,KL,Thiruvanandapuram,695004,0471-2440234,"Tc.17/C-3169,","Pilla's Arcade,",customercare@firefoxbikes.com,8.522157,76.94093,,
FFXCUS0020,Just Buy Cycles,IN,Kerala,KL,Palakkad,678004,8606016300 / 0491-2950400,Door No. 24/560,Shornur Road,customercare@firefoxbikes.com,10.769065,76.643817,,
FFXCUS0021,Just Buy Cycles,IN,Kerala,KL,Alappuzha,688009,0477-22661166,"31/769, Trivandrum Cochin Highway",Opposite Punnapara Vayalar Smarakam,customercare@firefoxbikes.com,,,,
FFXCUS0023,Silent Wheel Traders,IN,Kerala,KL,Kollam,691010,0474-2767670 / 9656744466,"No. 10/1138, Colours",Opp. To Polyathodu Market,customercare@firefoxbikes.com,,,,
FFXCUS0028,M/S SILENT WHEELS,IN,Kerala,KL,Thiruvanandapuram,695564,0471-2374177,"KP 12/59-B,OPP TO EVM HONDA",KARAKULAM P O,customercare@firefoxbikes.com,8.551273,76.974714,,
FFXCUS0030,Kavitha Cycle,IN,Kerala,KL,Kochi,682035,0484-4012321,"Padivattam, Civil Lines Road","Kakanad, Ernakulam",customercare@firefoxbikes.com,10.009984,76.317693,,
FFXCUS0032,Cosmos Sports World Llp,IN,Kerala,KL,Calicut,673004,8157002223,"A.K Tower, Mini Bypass",P.O Puthiyara,customercare@firefoxbikes.com,11.252566,75.795571,,
FFXCUS0040,Fortune Holdings,IN,Kerala,KL,Thrissur,680005,9605230004,"5/287/1a, Serene Court","Fathima Nagar Jn.,",customercare@firefoxbikes.com,,,,
FFXCUS0046,Cosmos Sports World Llp,IN,Kerala,KL,Thiruvanandapuram,695024,0471-2572066,Alfa Centre,Eanchaakkal - Chakkai Bypass,customercare@firefoxbikes.com,8.484216,76.930618,,
FFXCUS0048,Cosmos Sports World Llp,IN,Kerala,KL,Kochi,682024,+91 484 2341420,"Vankarath Towers, Nh Byepass,","Padivattom, Edapally (Po)",customercare@firefoxbikes.com,10.005849,76.312605,,
FFXCUS0051,Cosmos Sports World Llp,IN,Kerala,KL,Thrissur,680001,91-9562223180,Chicago Towres,Near Malayala Manorama,customercare@firefoxbikes.com,10.51675,76.219115,,
FFXCUS0054,Bikezone,IN,Kerala,KL,Kayamkulam,690502,9633992529,Kavunkal Building.82-B,Edassery Junction,customercare@firefoxbikes.com,,,,
FFXCUS0205,Cosmos Sports World Llp,IN,Kerala,KL,Manjeri,676121,91-9562223180,K M Tower,Thurakkal Bypass Jn,customercare@firefoxbikes.com,11.120916,76.110341,,
FFXCUS0248,Takeoff Sports,IN,Kerala,KL,Kottayam,686039,0481-2304666 / 9446456070,Puttenpurackal Complex,Above Sbi ( Nri Branch ),customercare@firefoxbikes.com,,,,
FFXCUS10039,CITY BAG,IN,Kerala,KL,KASARAGOD,671121,9495105555,"First Floor, KMC – 4/25, Muncipal Bus Stand Complex,","New Bus Stand, Kasaragod",customercare@firefoxbikes.com,,,,
FFXCUS10041,MURALI CYCLE MART,IN,Kerala,KL,KOLLAM,690518,9947991452,"Main Road, Karunagappally,",Kollam,customercare@firefoxbikes.com,,,,
FFXCUS10119,UDAYA CYCLE BAZAR,IN,Kerala,KL,MALAPPURAM,679322,9846203035,"Jubilee Junction, Calicut Road,","Perinthalmanna, Malappuram",customercare@firefoxbikes.com,,,,
FFXCUS10331,WONDER CYCLES &amp; KIDS CORNER,IN,Kerala,KL,CALICUT,673525,9447950226,"VATAKARA ROAD, PERAMBRA,",CALICUT,customercare@firefoxbikes.com,,,,
FFXCUS10335,KALIPPATTAM,IN,Kerala,KL,IDUKKI,685585,7034449998,"VIII/198-A1, TRIVENI ARCADE, VENGALLOOR MANGATTUKAVALA BYEPASS,","THODUPUZHA, IDUKKI,",customercare@firefoxbikes.com,,,,
FFXCUS10375,ST.JOSEPH CYCLES,IN,Kerala,KL,WAYANAD,673592,9447340043,"CHUNGAM, SULTHAN BATHERY,",WAYANAD,customercare@firefoxbikes.com,,,,
FFXCUS10417,VENUS CYCLES,IN,Kerala,KL,KOLLAM,691507,9447859715,"KP VIII/1744, BETHANY JUNCTION,","PUTHOOR, KOLLAM",customercare@firefoxbikes.com,,,,
FFXCUS10531,WAYANAD CYCLE STORES,IN,Kerala,KL,WAYANAD,670645,9496343928,"MMXVII 38C,38D, MANANTHAVADY",WAYANAD,customercare@firefoxbikes.com,,,,
FFXCUS10570,UDAYA CYCLE MART,IN,Kerala,KL,MALAPPURAM,673638,9447192824,"KP IX/1739,1740,1741, KONDOTTY,","THANGALS ROAD, KONDOTTY, MALAPPURAM",customercare@firefoxbikes.com,,,,
FFXCUS2402,New Safari Cycle,IN,Kerala,KL,Mallapuram,676504,9562600200,A-d-7/729,,customercare@firefoxbikes.com,11.12224,76.119144,,
FFXCUS8765,ABAD CYCLE CENTRE-TRIVANDRUM,IN,Kerala,KL,TRIVANDRUM,695001,9995862383,"28/2251, Mahathma Gandhi Rd, Pazhavangadi,","Nalumukku, Pazhavangadi, Thiruvananthapuram",customercare@firefoxbikes.com,,,,
FFXCUS8984,NEW PRABHUS CYCLE COMPANY-KANNUR,IN,Kerala,KL,KANNUR,670307,9495702630,"1st floor, Deva Square,","NH Kandoth, Payyanur",customercare@firefoxbikes.com,,,,
FFXCUS8985,VELODROME-KOTTAYAM,IN,Kerala,KL,KOTTAYAM,686631,8075828352,"Focus Tower Building Parolickal Junction,",Ettumanoor,customercare@firefoxbikes.com,,,,
FFXCUS9084,TRIP ON BIKES-MALAPPURAM,IN,Kerala,KL,MALAPPURAM,676501,9349849716,"NH Road, Parambilangadi,","Kottakkal, Malappuram",customercare@firefoxbikes.com,,,,
FFXCUS9084,PUTHUPARAMPIL CYCLES AGENCIES-KOTTAYAM,IN,Kerala,KL,KOTTAYAM,686506,8075618360,"KE Road, Kokkappally,",Kanjirappally,customercare@firefoxbikes.com,,,,
FFXCUS9527,MYLADYIL STORES- KOTTAYAM ,IN,Kerala,KL,KOTTAYAM,686506,8075618360,"PONKUNNAM, Kottayam",,customercare@firefoxbikes.com,,,,
FFXCUS9530,KASARAGOD CYCLE COMPANY-KASARAGOD,IN,Kerala,KL,KASARAGOD,671121,9847200560,"Yannay Tower, M.G.Road,",Kasaragod,customercare@firefoxbikes.com,,,,
FFXCUS9725,ST.JOSEPH CYCLES-THRISSUR,IN,Kerala,KL,THRISSUR,680308,9605222076,"Oppo: St Antonys Shrine Church,","Koratty, Thrissur",customercare@firefoxbikes.com,,,,
FFXCUS9726,NATIONAL CYCLE TRADING COMPANY-MALAPPURAM,IN,Kerala,KL,MALAPPURAM,676101,9745130006,"Pan Bazar,","Malappuram Road,Tirur",customercare@firefoxbikes.com,,,,
FFXCUS9918,BOVIDAE-PALAKKAD,IN,Kerala,KL,PALAKKAD,679307,9947824982,"7/109-A, Near VAS Auditorium,","Pattambi Road, Koppam, Palakkad",customercare@firefoxbikes.com,,,,
FFXCUS9919,AL-AMEEN CYCLE EMPORIUM - MOONUPEEDIKA-THRISSUR,IN,Kerala,KL,THRISSUR,680686,9946122940,"NH Road, Moonnupeedika,","Perinjanam, Thrissur",customercare@firefoxbikes.com,,,,
FFXCUS4936,BE Sport bicycles,IN,Kerala,KL,Perumbadappu,679580,8593950950,Perumbadappu-para,,customercare@firefoxbikes.com,,,,
FFXCUS8652,Kinesis Sport,IN,Ladakh,LA,Leh,194104,9622016447,"Saboo Road,",Kinesis Sport Building,customercare@firefoxbikes.com,,,,
FFXCUS0109,Cycle World,IN,Madhya Pradesh,MP,Indore,452003,0731-4009280 / 9425312200,"145, Prem Trade Centre,","Maharani Road,",customercare@firefoxbikes.com,22.717827,75.866545,,
FFXCUS0228,Gungun Sales Corporation,IN,Madhya Pradesh,MP,Gwalior,474001,0751- 2456666 / 91-9981082758,Nai Sadak Hanuman Choraha Lashkar,,customercare@firefoxbikes.com,26.205588,78.146568,,
FFXCUS0771,Cycle World,IN,Madhya Pradesh,MP,Bhopal,462016,9926858000,"Shop No.14, Tawa Complex",Bittan Market,customercare@firefoxbikes.com,23.215928,77.431298,,
FFXCUS0772,The Cycle World,IN,Madhya Pradesh,MP,Indore,452001,0731-4005002 / 9109299999 / 9893017008,52 Vijay Nagar,Opposite Mangal City Mall,customercare@firefoxbikes.com,,,,
FFXCUS0773, Cycle World   ,IN,Madhya Pradesh,MP,Mhow,353441,9893815000,"Plot No A-1, Babu Bhagwandeen Complex",Opp. To New Bhavrilal Sweets,customercare@firefoxbikes.com,,,,
FFXCUS10309,Fitness &amp; Bikes Studio,IN,Madhya Pradesh,MP,Sagar,470113,8109821134,"0, Near Axxix Bank, Bilgaiya Bank ward,","Station Road, Bina Sagar",customercare@firefoxbikes.com,,,,
FFXCUS11830,The Cycle World,IN,Madhya Pradesh,MP,Indore,452009,9425058980,"725,Annapurna Main Road",,customercare@firefoxbikes.com,,,,
FFXCUS12918,HORA CYCLE COMPANY-JABALPUR,IN,Madhya Pradesh,MP,Jabalpur,482001,9200677777,"2/3, Hitkarni market",City coffee house road,customercare@firefoxbikes.com,,,,
FFXCUS12925,KAMAL CYCLE SPARES-JABALPUR,IN,Madhya Pradesh,MP,Jabalpur,482002,9074131313,Bunglow no- 25A,Chansoriya compound,customercare@firefoxbikes.com,,,,
FFXCUS2627,Cycle World,IN,Madhya Pradesh,MP,Ujjain,456010,9109957000,"26 B Ved Nagar , Opp Model School",Sanwer Road,customercare@firefoxbikes.com,,,,
FFXCUS2627,Navdurga Cycle Stores,IN,Madhya Pradesh,MP,UJJAIN,456010,9827714287,"35, Betal Marg",Sundar Dairy Square,customercare@firefoxbikes.com,23.184202,75.771826,,
FFXCUS2627,Navdurga Cycle Service,IN,Madhya Pradesh,MP,Ujjain,456010,9827346465,a.k. building square freeganj,Ujjain,customercare@firefoxbikes.com,23.180321,75.796212,,
FFXCUS7430,Vipin Sports,IN,Madhya Pradesh,MP,Satna,485001,9522009100,1st floor kanodia complex,,customercare@firefoxbikes.com,,,,
FFXCUS8527,Bhasin Marketings,IN,Madhya Pradesh,MP,Jabalpur,482001,9009366777,"Asia's Gym Complex, First Floor, Block 1, ","Ukhri Chowk, MR4 Road,",customercare@firefoxbikes.com,,,,
FFXCUS8527,Bhasin Marketing,IN,Madhya Pradesh,MP,Jabalpur,482002,8225066777,Jabalpur Hospital road,Opp navneeta restaurant,customercare@firefoxbikes.com,,,,
FFXCUS8826,A To Z Gift Gallery,IN,Madhya Pradesh,MP,Mandsaur,458001,9425327745,"Infront of sanjay gandhi udhyan,","naya aabadi, Mandsaur",customercare@firefoxbikes.com,,,,
FFXCUS9939,Laxmi Cycle Store,IN,Madhya Pradesh,MP,Chhindwara,480001,8269199191,,,customercare@firefoxbikes.com,,,,
FFXCUS9939,Laxmi Cycle Store,IN,Madhya Pradesh,MP,Chhindwara,480001,9300410618,,,customercare@firefoxbikes.com,22.054142,78.943456,,
FFXCUS9941,Punjab Cycle Store,IN,Madhya Pradesh,MP,Hoshangabad,461001,9131714081,Mai Road,Bus Stand,customercare@firefoxbikes.com,22.754548,77.718292,,
FFXCUS0148,Luthra Agencies,IN,Maharashtra,MH,Nashik,422005,0253-2307932 / 0253-2307933 / 91-9890363603,1/2 Avdhoot Adhar,Old Gangapur Naka,customercare@firefoxbikes.com,20.007401,73.770662,,
FFXCUS0148,Luthra Agencies,IN,Maharashtra,MH,Nashik,422001,0253-2307930 / 9890363603,"60 Ft Road, Ganjmal",Near Royal Enfield Showroom,customercare@firefoxbikes.com,19.996289,73.787742,,
FFXCUS0156,Kohinoor Cycles Store,IN,Maharashtra,MH,Mumbai,400050,9930237371 / 022-26426655,"9, Rizvi Chambers,","Hill Road,",customercare@firefoxbikes.com,19.054516,72.836809,,
FFXCUS0162,New Pal &amp; Sons Kids Camp,IN,Maharashtra,MH,Pune,411017,09766510753 / 020-64108074 /  07767039037,"Shop No. 2&amp;3, Laxmi Appt.,","Rented  Qtrs,",customercare@firefoxbikes.com,18.619526,73.804631,,
FFXCUS0163,Cycle World,IN,Maharashtra,MH,Pune,411040,91-9860270101,"Shop No-119, Marvel Sangria","Near Dorabjee Mall, Opposite Sanskriti School",customercare@firefoxbikes.com,,,,
FFXCUS0167,Parmale Cycles,IN,Maharashtra,MH,Kolhapur,416002,9922363636 / 9860006600 / 0231 2641276,1399 C Laxmipuri,Near Hotel Prarthana,customercare@firefoxbikes.com,,,,
FFXCUS0167,Parmale Cycles,IN,Maharashtra,MH,Kolhapur,416008,9922363636 / 9860006600 / 0231-2521576,"2018, Kh/2, E Ward,Pankaj Apartments","2nd Lane Bus Route, Near Hotel Saiba",customercare@firefoxbikes.com,,,,
FFXCUS0171,Popular Cycle,IN,Maharashtra,MH,Panvel,410206,9773390837,"Shop No. 1, Plot No. 155","Shree Sahaya Pride, Mcch Soc,",customercare@firefoxbikes.com,18.987882,73.113615,,
FFXCUS0172,Bharat Cycle Co.,IN,Maharashtra,MH,Mumbai,400002,9820077428 / 022- 22013735 / 022-66375902,182/A Princess Street,"Gold Mohur Building , Opp. Bank Of Baroda",customercare@firefoxbikes.com,18.938943,72.827123,,
FFXCUS0175,Maratha Cycle Center,IN,Maharashtra,MH,Ahmed Nagar,414001,9890124044 / 0241-2344805,Manik Chowk,,customercare@firefoxbikes.com,19.093244,74.737096,,
FFXCUS0176,Ambika Cycle Stores,IN,Maharashtra,MH,Mumbai,400028,0222-4220887 / 9769198188,Madhav Nagar Chs,Near Sharda Ashram High School,customercare@firefoxbikes.com,19.015711,72.837396,,
FFXCUS0184,Amar Cycle Store,IN,Maharashtra,MH,Satara,415002,9527586017,"169, Balaji Prestige",Opposite Sayali Hotel,customercare@firefoxbikes.com,17.687561,74.001493,,
FFXCUS0187,Pasbaan Marketing,IN,Maharashtra,MH,Kalyan,421301,0251-3279091 / 9833008112,"Shop No.11, Sangam Apartment","Near Chatri Bunglow,",customercare@firefoxbikes.com,19.249556,73.140574,,
FFXCUS0187,"Pasbaan Marketing, Shop # 1, Gautameshwar Dham",IN,Maharashtra,MH,Dombivli,421201,0251-2863256 / 9833008112,"Below Eeshwar Hosp,","R.P Road &amp; Tandon Road Junction,",customercare@firefoxbikes.com,19.213386,73.087243,,
FFXCUS0188,Kohinoor Sales Agency,IN,Maharashtra,MH,Mumbai,400076,9167515565 / 022-25701986,"9, Heera Panna Shopping Complex,  Orchard Avenue","Off A.S Marg,  Near Lake Front Solitaire",customercare@firefoxbikes.com,19.118645,72.905248,,
FFXCUS0192,Riders,IN,Maharashtra,MH,Mumbai,400053,022-26200571 / 022-26200871 / 91-9820878683,Gurumauli Building,"Shop No. 10 &amp; 11, Opp Versova Police Station",customercare@firefoxbikes.com,19.124514,72.830793,,
FFXCUS0196,Hind Cycle Trading Company,IN,Maharashtra,MH,Ratnagiri,415639,02352-270242 / 9422429491,"719, Shivaji Nagar",,customercare@firefoxbikes.com,16.990964,73.319873,,
FFXCUS0198,Firefox Bikes Studio,IN,Maharashtra,MH,Mumbai,400070,9821237786 / 8767676766,Unit No. Ugb - 16/17,"Upper Ground Floor, Phoenix Market City",customercare@firefoxbikes.com,19.085954,72.88897,,
FFXCUS0199,Ashapura Cycle Mart,IN,Maharashtra,MH,Pune,411014,9762564806,"Aditya Square, Ground Floor","Kharadi Road, Sr.No-45, Opp.To Preet Nagar Society",customercare@firefoxbikes.com,18.558923,73.931472,,
FFXCUS0299,Shri Laxmi Agencies,IN,Maharashtra,MH,Nanded,431601,02462-240508 / 91-9766666855,Shri Guru Govindsinghji Road,,customercare@firefoxbikes.com,19.14979,77.315976,,
FFXCUS0718,New Madhav Cycle Mart,IN,Maharashtra,MH,Sangamner,422605,9850872433,1193,"Lewis Arcade, Main Road",customercare@firefoxbikes.com,,,,
FFXCUS10359,BOMBAY CYCLE MART,IN,Maharashtra,MH,JALGAON,425001,0257-2225630 / 9422277020,"115,NAVI PETH JALGAON",,customercare@firefoxbikes.com,21.004194,75.563942,,
FFXCUS12209,Tritan Bicycle World(Tritan Bikes),IN,Maharashtra,MH,Thane,400602,7272030030,"Tritan Dreams , Service Road", Near Shell Pump,customercare@firefoxbikes.com,,,,
FFXCUS1555,Pedal Drive,IN,Maharashtra,MH,Pune,411027,9545509435,Sai Desire,,customercare@firefoxbikes.com,18.5934522,73.7939494,,
FFXCUS1775,Jalaram House of Cycles,IN,Maharashtra,MH,Mumbai,400062,9619718712,"Ground Floor, Hiren Shopping Centre CHS Ltd.,","SV Road, Opp Ratna Hotel,",customercare@firefoxbikes.com,,,,
FFXCUS1829,Ludhiyana Cycle Agency,IN,Maharashtra,MH,Nagpur,440022,9850313199,"Moni No 4, Cycle Market","Hanuman Gali, ",customercare@firefoxbikes.com,21.142495,79.085393,,
FFXCUS1880,Jitesh Traders,IN,Maharashtra,MH,Thane,400601,7977108588,Shop No. 5 ,Trinity Apartment Chs,customercare@firefoxbikes.com,19.2031338,72.9783173,,
FFXCUS2899,Ashapura Cycle and Fitness,IN,Maharashtra,MH,Pune,411036,9762564806,"S.No. 54/1, Near Railway Overbridge",Mundhwa-Magarpatta Road,customercare@firefoxbikes.com,,,,
FFXCUS3426,Ozone Ventures,IN,Maharashtra,MH,Pune,411004,8380033475,"64/11,","Prabhat Road, Lane No 14,",customercare@firefoxbikes.com,18.5107074,73.831804,,
FFXCUS4112,Ludhiana Cycle,IN,Maharashtra,MH,Aurangabad,431001,8446444344,"Shop No 1,2,3, Alfa building,",Tilak path,customercare@firefoxbikes.com,,,,
FFXCUS4717,Janata Enterprises ,IN,Maharashtra,MH,Pune,411007,9822638777 /  9850629237,"Bhakti Plaza, Shop No. 4",Opposite Aundh Police Chowky,customercare@firefoxbikes.com,18.5622454,73.8140183,,
FFXCUS5000,Suyash Mart Pvt. Ltd.,IN,Maharashtra,MH,Nagpur,440012,0712- 2524518,"152 , Kamdar Bhawan",P.T. Malviya Road,customercare@firefoxbikes.com,21.142127,79.085239,,
FFXCUS6632,Ajanta Cycle Agency,IN,Maharashtra,MH,Narayangaon,410504,7588625401,Pune- Nashik Highway DIST- PUNE,Near Bank of Maharashtra,customercare@firefoxbikes.com,,,,
FFXCUS6635,BHARAT CYCLES-PALGHAR,IN,Maharashtra,MH,Palghar,401404,9665906913,"Shop no 4,Neel shurshti complex","Tembhode Rd, opp. raj talkies, Palghar",customercare@firefoxbikes.com,19.69719905,72.76643999,,
FFXCUS6655,RJ Cycle Studio,IN,Maharashtra,MH,Pune,413102,9623458890 / 7219501919,Ahinsa Chambers,Bhigwan Road Baramati,customercare@firefoxbikes.com,,,,
FFXCUS6744,MODERN CYCLES,IN,Maharashtra,MH,Pune,411019,9881123461 / 9881123119,M/S MODERN INDUSTRY,PLOT NO.67/12 D3 BLOCK MIDC CHINCHWAD PUNE-411019,customercare@firefoxbikes.com,,,,
FFXCUS7233,Chapsi Cycle Agencies,IN,Maharashtra,MH,Latur,413512,9420976729 / 9423616155,Main Road,,customercare@firefoxbikes.com,,,,
FFXCUS7459,Cycle Mania,IN,Maharashtra,MH,Pune,411037,9766793838,"Shop No.02,"," S.No.573/14, Parshwanath Society",customercare@firefoxbikes.com,,,,
FFXCUS7595,Ramesh Cycle &amp;b Spare Parts,IN,Maharashtra,MH,Peth Vadgaon,416112,9823863838,"R C NO. 573, Near Bhaji Market, ",Peth Vadgaon Tal,customercare@firefoxbikes.com,,,,
FFXCUS7863,Prakash Cycle Stores,IN,Maharashtra,MH,Karad,415110,7588953374 / 9028511229 / 02164-226165,,,customercare@firefoxbikes.com,,,,
FFXCUS8115,D Byk Store,IN,Maharashtra,MH,Pune,411014,7020425618,"1st Floor, Trade Net,","Viman Nagar Junction, Above Maruti Suzuki Showroom,",customercare@firefoxbikes.com,18.5611439,73.9179189,,
FFXCUS8417,Shri Samarth Cycle Stores,IN,Maharashtra,MH,Yavatmal,445001,869800315,,,customercare@firefoxbikes.com,,,,
FFXCUS8905,Madanlal Brothers,IN,Maharashtra,MH,Solapur,413002,9421068016,203,,customercare@firefoxbikes.com,,,,
FFXCUS8906,Parmale Cycle and Fitness,IN,Maharashtra,MH,Kagal,416216,9923415357,Opp. Kagal Police Station,,customercare@firefoxbikes.com,,,,
FFXCUS9005,SHRIKRISHNA TRADERS-CHANDRAPUR,IN,Maharashtra,MH,Chandrapur,442402,8208795331,"TILAK MAIDAN,MUNCIPAL MARKET,GOAL BAZAR,","GOAL BAZAR ROAD,CHANDRAPUR ,Chandrapur",customercare@firefoxbikes.com,,,,
FFXCUS9046,BIKE LIFE-MUMBAI,IN,Maharashtra,MH,Kandivali (East),400101,9820501791,"Shop no. 32, Gokul Nagari2","wing E, Kandivali (east)",customercare@firefoxbikes.com,19.21459,72.86898,,
FFXCUS9133,NATIONAL CYCLE AGENCY-SANGLI,IN,Maharashtra,MH,Sangli,416416,9423035894,"MARUTI ROAD,SANGLI,",MAHARASHTRA-416416,customercare@firefoxbikes.com,,,,
FFXCUS9447,RIDERS-MUMBAI,IN,Maharashtra,MH,Mumbai,400018,9820954683 / 9820878683,"ATRIA MILLENIUM MALL,SHOP NO.142,143-1ST FLOOR,","Dr. ANNIE BESANT ROAD, WORLI,MUMBAI",customercare@firefoxbikes.com,18.99217821,72.81392956,,
FFXCUS9936,RAMDEVBABA MOTORS-AKOLA,IN,Maharashtra,MH,Akola,444001,9422180901,"Ramdevbaba Moters, C/Baheti cycle mall","Opp. Shivaji park, Akola,Maharashtra-444001",customercare@firefoxbikes.com,,,,
,Aarogyam Cycles,IN,Maharashtra,MH,Aurangabad,431001,9850246505 / 9011098498,"Shop No.6 ,Jyotirmay Complex","Near Hotel Atithi,",customercare@firefoxbikes.com,19.875195,75.354973,,
,Cycle World,IN,Maharashtra,MH,Pune,411040,020-2686169 / 91-9860270101,"Shop No 10-11, Sadalaxmi Appartments","Beside Airtel Gallery, Opposite Reliance Mart",customercare@firefoxbikes.com,18.501405,73.900736,,
,Cycle World,IN,Maharashtra,MH,Pune,411037,020-24211032,(Adarsh Sales Corporation),"Marketyard Road, Opposite Bank Of Maharashtra",customercare@firefoxbikes.com,18.489295,73.861967,,
,Cycle  Village,IN,Maharashtra,MH,Mumbai,401301,9922055099 / 9527888056,"Firefox Bikes, Katarwadi, Near Shirlai Church,","Umbergothan - Agashi Road,",customercare@firefoxbikes.com,19.4491768,72.7774964,,
,Cycle Village,IN,Maharashtra,MH,Mumbai,401202,9922055099,"Shop No.3, Periyar Apartment,","Opposite D Mart,",customercare@firefoxbikes.com,19.364058,72.814351,,
,"Cycle Village, Firefox Bikes",IN,Maharashtra,MH,Mumbai,401301,9922055099 / 9527888056,"Near Shirlai Church,","Umbergothan - Agashi Road,",customercare@firefoxbikes.com,19.44918,72.777495,,
FFXCUS0152,Haybren Adventures,IN,Maharasthra,MH,Thane,400607,2221730061,"Emerald Plaza, Back 2,","Shop 11 Hiranandani Meadows,",customercare@firefoxbikes.com,,,,
FFXCUS5314,Bad Gujar &amp; Son's Cycle Dealer,IN,Maharasthra,MH,Dhule,424001,8888788435,"1296, Phool Wala,",,customercare@firefoxbikes.com,20.9045799,74.7772306,,
FFXCUS8819,SHAURYA AUTO-THANE,IN,Maharshtra,MH,Mira Road,401107,9987551819 / 9669898078,"Shop no 8, Building No 1, Poonam Sagar Complex","Mira road east, near Pariwar Hotel., Thane, Maharashtra 401107",customercare@firefoxbikes.com,19.27368631,72.86334888,,
FFXCUS0113,Ibohol Cycles,IN,Manipur,MN,Imphal,795001,9862102818,Paona Bazar,,customercare@firefoxbikes.com,24.805093,93.934468,,
FFXCUS1814,Aizawl Cyclery,IN,Mizoram,MZ,Aizawl,796001,9862966054,"S-40, Dawrpui South, ",Canteen Kual ,customercare@firefoxbikes.com,23.7281541,92.7150277,,
FFXCUS0114,Aravali Enterprises,IN,Nagaland,NL,Dimapur,797112,9862564318 / 03862-224966,M. P. Road,,customercare@firefoxbikes.com,25.908205,93.726446,,
FFXCUS11033,GOYAL BIKES,IN,New Delhi,DL,New Delhi,110086,9811266352,"A-13, MAIN ROAD,","BUDH VIHAR, NORTH WEST DELHI",customercare@firefoxbikes.com,,,,
FFXCUS0206,Saaj Creatives,IN,Orissa,OD,Bhubaneswar,751007,97767 46910 / 93376 46910,"22 Bikes, Plot No : C-21,","Near Bhawani Mall,",customercare@firefoxbikes.com,20.2870245,85.847807,,
FFXCUS4737,Satkartar Cycles Store,IN,Orissa,OD,Sambalpur,768005,9437392328,Near Dhanupali Chowk,,customercare@firefoxbikes.com,,,,
FFXCUS5317,Gupta Bicycle,IN,Orissa,OD,Rourkela,769004,8269577101,"1st Floor, Dibakar Complex",Plot No-883/2439,customercare@firefoxbikes.com,,,,
FFXCUS8899,Cycleworld- Mir International,IN,Orissa,OD,Bhubaneswar,751003,7846912697,SUM Hospital Road,"In front SOS Children's Village,",customercare@firefoxbikes.com,20.2869221,85.7755091,,
,Berhampur Cycle,IN,Orissa,OD,Berhampur,760001,9337784550,,,customercare@firefoxbikes.com,19.3159742,84.7816017,,
FFXCUS13219,CENTRAL CYCLE STORES,IN,Puducherry,PY,PUDUCHERRY,605001,9894121021,"111, CHETTY STREET",PUDUCHERRY,customercare@firefoxbikes.com,,,,
FFXCUS12919,KRISHNA ENTERPRISES,IN,Punjab,PB,PATHANKOT,145023,7009357389,NEARKHADI BHANDAR LINK ROAD,SUJANPUR,,,,,
FFXCUS0063,Girdhari Di Hatti,IN,Punjab,PB,Amritsar,143001,9855203322 / 0183-2221325,,"29, Railway Road",customercare@firefoxbikes.com,31.634233,74.870923,,
FFXCUS0063,Divine Motors,IN,Punjab,PB,Amritsar,143001,9814637857,Near Navpreet Hospital,Putlighar,customercare@firefoxbikes.com,,,,
FFXCUS0069,Prabhu Enterprise,IN,Punjab,PB,Ludhiana,141002,9855400404 / 9814023823 / 0161-4675823,Sco - 19,"Gian Singh Rarewala Market,",customercare@firefoxbikes.com,30.890967,75.849005,,
FFXCUS0069,Prabhu Enterprises,IN,Punjab,PB,Ludhiana,141001,0161-5086200 / 91-9780079200 / 91-9646690200,Prabhu  Bikes,"Shop No.2, Suneet Tower",customercare@firefoxbikes.com,30.91003,75.836966,,
FFXCUS0071,Ishar Dass Mahajan And Sons Pvt. Ltd.,IN,Punjab,PB,Jalandhar,144002,9814325198 / 9419196839,,1/1 Basti Nau,customercare@firefoxbikes.com,31.326085,75.559752,,
FFXCUS0096,Avinash Cycle Store,IN,Punjab,PB,Gurdaspur,143521,9646099023 / 9988844779,G.T Road,Mandi,customercare@firefoxbikes.com,32.041146,75.41192,,
FFXCUS10507,AVINASH CYCLE STORE,IN,Punjab,PB,BATALA,143505,7696610203,"NEAR BUS STAND,","AVINASH CYCLE STORE BATALA,GURDASPUR",customercare@firefoxbikes.com,,,,
FFXCUS10507,AVINASH CYCLE STORE,IN,Punjab,PB,GURDASPUR,143505,7696610203,"NEAR BUS STAND,",AVINASH CYCLE STORE BATALA,customercare@firefoxbikes.com,,,,
FFXCUS12822,M/S BATHINDA CYCLE GALLERY,IN,Punjab,PB,BATHINDA,151001,9855993303,"STREET NO-9,KHASRA NO-2070,Z-5-06632,","BARNALABTPASS ROAD,GURU GOVIND SINGH NAGAR",customercare@firefoxbikes.com,,,,
FFXCUS13571,KISHORI LAL PREM SAGAR AGGARWAL,IN,Punjab,PB,KHANNA,141401,9417663444,"G.T ROAD ,KISHORI LAL PREM SAGAR AGGARWAL","G.T ROAD,KHANNA,LUDHIANA",customercare@firefoxbikes.com,,,,
FFXCUS1742,Punjab Cycle Store,IN,Punjab,PB,Ferozepur,152001,9815730876,"State Bank Road, Opp Jain Mandir ",Ferozepur Cantt,customercare@firefoxbikes.com,30.9256331,74.618352,,
FFXCUS2473,Gupta Cycle Store,IN,Punjab,PB,Bhatinda,151005,9888493439,Bhatinda City,,customercare@firefoxbikes.com,30.210883,74.938691,,
FFXCUS3234,Sahni Cycle Store,IN,Punjab,PB,Sangrur,148001,9855186166 / 9914451213,Sunami Gate,,customercare@firefoxbikes.com,30.2390109,75.838151,,
FFXCUS3235,Sarna Cycle Store,IN,Punjab,PB,Pathankot,145001,"7355227172, 9814475687",Opposite Shota Mini Power House,,customercare@firefoxbikes.com,32.2731393,75.6527686,,
FFXCUS4641,Malhotra Brothers,IN,Punjab,PB,Patiala,140603,6283408507 /  01752202841,Cycle Market,,customercare@firefoxbikes.com,30.329631,76.4028741,,
FFXCUS5263,Kundan Lal Chaman Lal,IN,Punjab,PB,Jalandhar,144001,9041056420,16/13-A,Central Town,customercare@firefoxbikes.com,,,,
FFXCUS5316,Leo Sales,IN,Punjab,PB,Mohali,160071,7814066666,"Sco No.652,",,customercare@firefoxbikes.com,,,,
FFXCUS7547,Bihari Lal &amp; Sons,IN,Punjab,PB,Hoshiarpur,146001,9988531409,Railway Road,,customercare@firefoxbikes.com,,,,
FFXCUS8610,C.R. Nandiwal Enterprises,IN,Punjab,PB,Abohar,152116,7307366633,"DAV Campus Road, Chugh Book Centre",Opposite Aggarwal Stationary Mart,customercare@firefoxbikes.com,,,,
FFXCUS8901,D O ENTERPRISES   ( CYCLONE STUDIO),IN,Punjab,PB,ZIRAKPUR,140603,9807289000,"LOWER BASEMENT FLOOR,SCF NO 13","BLOCK B,HIGH STREET MARKET,BISHANPURA,",customercare@firefoxbikes.com,,,,
FFXCUS8920,Morinda Cycles And Kids Mall,IN,Punjab,PB,Rupnagar,140001,9779620777,Ground &amp; 1st Floor,,customercare@firefoxbikes.com,,,,
FFXCUS9239,Bikers World,IN,Punjab,PB,Patiala,147001,91-9815469730 / 0175 5001500,Near Dav School,Basement,customercare@firefoxbikes.com,30.344893,76.378129,,
FFXCUS9639,Modi S Fitness Store,IN,Punjab,PB,Patiala,140401,9855003167,Plot No. 2013, Near Ravindera Showroom,customercare@firefoxbikes.com,,,,
FFXCUS9728,Thaman Brothers,IN,Punjab,PB,Ludhiana,141003,9872478886,"G.T Road, ",,customercare@firefoxbikes.com,,,,
FFXCUS9729,MASTER CYCLES,IN,Punjab,PB,MUKTSAR SAHIB,152026,8005000004,NEAR NEW WAYDRYCLEANERS,RAILWAY ROAD,customercare@firefoxbikes.com,,,,
FFXCUS9729,MASTER CYCLES,IN,Punjab,PB,MUKTSAR SAHIB,152026,8005000004,NEAR NEW WAYDRYCLEANERS,"RAILWAY ROAD, MUKTSAR",customercare@firefoxbikes.com,,,,
FFXCUS9938,CAPITAL STORE STORE,IN,Punjab,PB,MOGA,142001,8581810000,TRUNKAN WALI GALI,"CAPITAL CYCLE STORE,NEAR MC OFFICE,",customercare@firefoxbikes.com,,,,
FFXCUS9938,CAPITAL STORE STORE,IN,Punjab,PB,MOGA,142001,8581810000,"TRUNKAN WALI GALI,CAPITAL CYCLE STORE","NEAR MC OFFICE, MAIN BAZAR",customercare@firefoxbikes.com,,,,
,Sai Cycle &amp; Fitness Mart,IN,Punjab,PB,Amritsar,143001,9855203322 / 0183-2221325,"15, Railway Road",,customercare@firefoxbikes.com,31.634385,74.868571,,
,M/s Cycle Valley,IN,Punjab,PB,Patiala,147001,1755001700,SCO 225 YPS Land,Urban Estate ,customercare@firefoxbikes.com,30.34499,76.443809,,
FFXCUS0064,Harish Cycles,IN,Rajasthan,RJ,Jaipur,302018,9571388885,"414, Surya Nagar Riddhi Siddhi Crossing",,customercare@firefoxbikes.com,26.873574,75.776877,,
FFXCUS0075,Chhabriya Cycle Store,IN,Rajasthan,RJ,Kota,324005,9413987045,"396,Mahaveer Nagar- Ii",,customercare@firefoxbikes.com,25.139771,75.843881,,
FFXCUS0089,My Cycle World,IN,Rajasthan,RJ,Udaipur,313004,9414159504 / 0294-2417504,215-C-Hitawala Raguroop Complex,"Nr. St. Pauls School,Sardarpura",customercare@firefoxbikes.com,24.596991,73.697323,,
FFXCUS0095,Mp Nanikram &amp; Company,IN,Rajasthan,RJ,Ajmer,305001,0145-2620503 / 9352333808,Shop No. 29 &amp; 30,Adjacent To Bata Shoes,customercare@firefoxbikes.com,26.452206,74.637843,,
FFXCUS0107,Harish Cycles,IN,Rajasthan,RJ,Jodhpur,342003,9784595200 / 0291-2744161 / 0291-2744162,"27/22-23, Adarsh Society ,","Iti Chauraha,",customercare@firefoxbikes.com,26.259601,73.004922,,
FFXCUS10259,VIJAY TRADERS,IN,Rajasthan,RJ,BHILWARA,311001,9829042120,,,customercare@firefoxbikes.com,25.345554,74.63352,,
FFXCUS10315,Shri Ram Enterprises ,IN,Rajasthan,RJ,Jaipur,302021,9660013020,"Shop no-42 , Opp-TPS School",Near National Handloom,customercare@firefoxbikes.com,26.91389087,75.73820927,,
FFXCUS10608,VALLABH   CYCLE  STORE,IN,Rajasthan,RJ,JODHPUR,342001,8003214753,1st BROAD SARDARPURA,,customercare@firefoxbikes.com,,,,
FFXCUS12728,Satnam Cycle Store,IN,Rajasthan,RJ,Pali,306401,"9,82,91,68,22,07,01,47,00,000","56, Suraj Pole","Behind Gurudwara, Suraj Pole",customercare@firefoxbikes.com,25.7776875,73.3239375,,
FFXCUS4728,Punjab Cycle Company,IN,Rajasthan,RJ,Udaipur,313001,9828567623,"4-B,",,customercare@firefoxbikes.com,24.5846847,73.6960953,,
FFXCUS4761,Baheti Brothers,IN,Rajasthan,RJ,Amravati,444601,9370660661,Takhatmal Estate,Jawahar Road,customercare@firefoxbikes.com,20.9313767,77.756637,,
FFXCUS5696,New Garib di Hatti,IN,Rajasthan,RJ,Sri Ganganagar,335001,9672300006 / 9929277172,21-22D Public Park,,customercare@firefoxbikes.com,,,,
FFXCUS7631 ,Ronak Cycle Agencies,IN,Rajasthan,RJ,Chittorgarh ,312001,9414111456,"A17, near chandralok cinema,",kila road ,customercare@firefoxbikes.com,,,,
FFXCUS8503,Talwar Cycle Store,IN,Rajasthan,RJ,Suratgarh,335804,9799775626 / 9057254548,Infront of Indean Gas Office,Bypass Road,customercare@firefoxbikes.com,,,,
FFXCUS8766,Bharat Agencies,IN,Rajasthan,RJ,Alwar,301001,8854894925,,,customercare@firefoxbikes.com,27.568,76.6062,,
FFXCUS9972,Gupta Health City,IN,Rajasthan,RJ,Bikaner,334001,91-9413480800 / 0151-2233555,"A-24, Kanta Khaturia Colony",,customercare@firefoxbikes.com,28.009372,73.352609,,
,Nagpal Sales Corporation,IN,Rajasthan,RJ,Sri Ganganagar,335001,9414442780 / 9414273012 / 0154-2444496,"32 A, Public Park",,customercare@firefoxbikes.com,29.928255,73.870194,,
,A&amp;A health studio,IN,Rajasthan,RJ,Bikaner,334401,7737002714 / 8560090002,Nokha road,Gangashaher,customercare@firefoxbikes.com,27.99312,73.306861,,
,M/S Himalayan Daily Needs,IN,Sikkim,SK,Gangtok,737101,91-9434203848,Bojoghati East,,customercare@firefoxbikes.com,,,,
FFXCUS0008,Just Buy Cycle,IN,Tamil Nadu,TN,Chennai,600017,044-28156040,"No.13/14 Drive, Narasimhan Road",(North Bogh Road),customercare@firefoxbikes.com,13.045532,80.245115,,
FFXCUS0010,Just Buy Cycles Elite,IN,Tamil Nadu,TN,Chennai,600042,044-22444498 / 9841087051,"Ground Floor, RAJ KUMAR REGENCY","NO:1, BYE PASS ROAD,VELACHERY",customercare@firefoxbikes.com,,,,
FFXCUS0011,Just Buy Cycles,IN,Tamil Nadu,TN,Chennai,600102,044-26203807,No A 101,3rd Avenue,customercare@firefoxbikes.com,13.081478,80.218084,,
FFXCUS0019,Just Buy Cycle,IN,Tamil Nadu,TN,Coimbatore,641037,0422-4954400 / 9841644425,"#F1, Lakshmi Plaza",1089 Avinashi Road,customercare@firefoxbikes.com,11.0118492,76.9460009,,
FFXCUS0033,Black Cycles,IN,Tamil Nadu,TN,Tirupur,641604,9003211333 / 9486532020,"No - 450, Thennampalayam,","Opp- Pressanna Honda,",customercare@firefoxbikes.com,11.086432,77.345889,,
FFXCUS0036,Tyre Point,IN,Tamil Nadu,TN,Erode,638012,9487460002,"151, PERUNDURAI ROAD",OPP TO CARE 24 HOSPITAL,customercare@firefoxbikes.com,11.351303,77.722219,,
FFXCUS0037,(Only Trek Bikes ),IN,Tamil Nadu,TN,Auroville,605101,9443658128,"Evfuture, Reve",,customercare@firefoxbikes.com,12.005291,79.812863,,
FFXCUS0044,Dhev Sidarth Cycles Store,IN,Tamil Nadu,TN,Krishnagiri,635001,91-9994131089 / 91-9042745949 / 0434-3238589,"217/357, Salem Main Road",Krishnagiri,customercare@firefoxbikes.com,12.516227,78.221534,,
FFXCUS0060,Ganesh Cycle Mart,IN,Tamil Nadu,TN,Vellore,632004,9360646130,"119, Long Bazaar,","Near Bank Of Baroda,",customercare@firefoxbikes.com,12.917948,79.133495,,
FFXCUS0776,Selvam Cycle Paark,IN,Tamil Nadu,TN,Kanchipuram,631502,044-47210707 / 9894402707,No. 84,,customercare@firefoxbikes.com,12.834186,79.703639,,
FFXCUS1947,ROYAL CYCLES,IN,Tamil Nadu,TN,HOSUR,635126,9789131783 / 9003317338,"4-7, makka masjid complex, Dargha Hosur",,customercare@firefoxbikes.com,21.004194,75.563942,,
FFXCUS7234,RAMSUN ON WHEELS-TANJAVUR,IN,Tamil Nadu,TN,TANJAVUR,613001,9159255563,"40, GANDHI MADU OPP TO RED CROSS",MEMBALAM TANJAVUR NEXT TO AVM FURNITURE,customercare@firefoxbikes.com,,,,
,WAHOO CONSULTING COMPANY,IN,Tamil Nadu,TN,Coimbatore,642002,9790134586,"12, Palaniappa Nagar",Mahalingapuram Post,customercare@firefoxbikes.com,,,,
,Play More Pay Less,IN,Tamil Nadu,TN,Salem,636001,9443839910,"279, Park Road",,customercare@firefoxbikes.com,,,,
FFXCUS10031,BIKERZ HERO-CHENNAI,IN,Tamil Nadu,TN,CHENNAI,600043,9500105776,"GROUND FLOOR, No.102, BIKERZ HERO,","GST ROAD, PALLAVARAM",customercare@firefoxbikes.com,,,,
FFXCUS10377,CYCLE STUDIO,IN,Tamil Nadu,TN,MADURAI,625002,8508027809,"No.6,Kamarajar 2nd street ,Gokhale road,",Chinna Chokkikulam,customercare@firefoxbikes.com,,,,
FFXCUS7234,RAMSUN ON WHEELS-TRICHY,IN,Tamil Nadu,TN,TRICHY,620018,9159255568,"M1 JC tower, Karur Bypass Rd,","Annamalai Nagar, Tiruchirappalli",customercare@firefoxbikes.com,,,,
FFXCUS8313,PRAGMATTIC SERVICES-SELAM,IN,Tamil Nadu,TN,SALEM,636004,0427-2335333,"154/2, Opp Vidhya Mandir School,","Meyyanur main road, Salem",customercare@firefoxbikes.com,,,,
FFXCUS10333,PEDALS CYCLE GALLARY,IN,Tamil Nadu,TN,KANYAKUMARI,629003,9443593502,"MS ROAD, KATTAYANVILAI, NAGERCOIL,", Kanyakumari,customercare@firefoxbikes.com,,,,
FFXCUS11707,KMR CYCLE TRADERS,IN,Tamil Nadu,TN,THENI,625531,9629270434,"1024/7, SRI VIJAY COMPLEX",THENI OLD BUSSTAND,customercare@firefoxbikes.com,,,,
FFXCUS12690,RATAN CYCLE STORES,IN,Tamil Nadu,TN,CHENGALPATTU,603001,9894488899,"85, RAJAJI STREET",CHENGALPATTU,customercare@firefoxbikes.com,,,,
FFXCUS13218,GRAND CYCLES &amp; SPORTS PRIVATE LIMITED,IN,Tamil Nadu,TN,TANJORE,613007,7418246943,"NO.5, SARMA AVENUE","DANIEL THOMAS NAGAR,VALLAM ROAD",customercare@firefoxbikes.com,,,,
FFXCUS2404,Keerthi Cycle,IN,Tamil Nadu,TN,Kannur,670001,9895332372,Near S.N. Park Road,,customercare@firefoxbikes.com,11.869589,75.359736,,
FFXCUS2418,Cycle Zone,IN,Tamil Nadu,TN,Coimbatore,641023,8754988899,"NO.167/1, KOVAI TO PODANUR ROAD","NEAR POLICE STATION, PODANUR",customercare@firefoxbikes.com,11.02618,77.020764,,
FFXCUS2553,Abdulla fitness,IN,Tamil Nadu,TN,Connoor ,643001,978745015,36,,customercare@firefoxbikes.com,11.349107,76.800891,,
FFXCUS0005,Yellow Jersey (The Bike Station),IN,Telangana,TS,Hyderabad,500081,8008347780 / 0404-0048880 / 9885485302,"Shop No 1, Uptown Cyberabad Building","Near YSR Statue, Ayyappa Society,",customercare@firefoxbikes.com,17.4519239,78.393513,,
FFXCUS0022,MDS Cycle Mart,IN,Telangana,TS,Hyderabad,500072,040-48532768 /  9121752121,"Shop No. 2, Ground Floor, House no 2-22-314/D,","Sai Srinivass Towers,",customercare@firefoxbikes.com,173001.4,782340.2,,
FFXCUS0058,Pedallers Point,IN,Telangana,TS,Hyderabad,500049,9885135025,"Door No 1-58/3/1, Opposite Mythrinagar Kaman Plot No 01","Survey No. 225, Miyapur Police Station Road,",customercare@firefoxbikes.com,,,,
FFXCUS0203,Pedallers Point,IN,Telangana,TS,Hyderabad,500032,9676000800 / 040-23000122,"Shop No. 2,3,4,5","Plot No 16, Gachibowli",customercare@firefoxbikes.com,17.440031,78.363226,,
FFXCUS0286,Pedallers Point,IN,Telangana,TS,Hyderabad,500082,9866685428,"Shop No. 4, Shanti Shikara Apartments","Raj Bhavan Rd,",customercare@firefoxbikes.com,,,,
FFXCUS4644,Cyclo World (Best Cycle World),IN,Telangana,TS,Hyderabad,500070,9912713590,"Vanasthalipuram Main Road,",Opposite Vanasthalipuram Police Station,customercare@firefoxbikes.com,,,,
FFXCUS4935,Vijay Cycle Mart,IN,Telangana,TS,Hyderabad,500015,9849199842,"Plot No 12, Saraswathi Nagar Colony",Near Railway Bridge,customercare@firefoxbikes.com,17.4922831,78.5126536,,
FFXCUS8611,ENDURI BHOOMAIAH CYCLE DEALER-NIZAMABAD,IN,Telangana,TS,NIZAMABAD,503001,9951633833,"7-7-606, Marwadi Street,Beside Goshala building,","Marwadi Street,Nizamabad",customercare@firefoxbikes.com,,,,
FFXCUS9917,VENKATESHWARA TRADERS-HYDERABAD,IN,Telangana,TS,HYDERABAD,500014,8884401888,"3-6, Ground Floor, P. Mohan Reddy Commercial complex,","Runway 9 Building, beside DCB Bank, Kompally, Ranga Reddy",customercare@firefoxbikes.com,,,,
FFXCUS2881,Golden Cycles,IN,Uttar Pardesh,UP,Ghaziabad,201005,9312758699,Opposite Metro Station,Rajendra Nagar,customercare@firefoxbikes.com,28.678192,77.35997,,
FFXCUS0068,Agarwal Cycle Pvt. Ltd.,IN,Uttar Pradesh,UP,Lucknow,226020,9792824000 / 0522-4027656,"A 29, Nirala Nagar",Opp Ramkrishan Math,customercare@firefoxbikes.com,26.874293,80.938651,,
FFXCUS0068,Agarwal Cycles,IN,Uttar Pradesh,UP,Lucknow,226018,91-9838565586,Cycle Market,Near Hanuman Mandir,customercare@firefoxbikes.com,26.847745,80.928732,,
FFXCUS0072,Kanhiya Cycle Company,IN,Uttar Pradesh,UP,Agra,282004,0562-4010554 / 9412155554 / 7906514762,F-128a,Kamla Nagar,customercare@firefoxbikes.com,27.212022,78.026143,,
FFXCUS0077,Sanjay Enterprises,IN,Uttar Pradesh,UP,Bareilly,243003,9897194000 / 0581-2573116,"26-27, Islamia Market",Anathalya Road,customercare@firefoxbikes.com,28.356438,79.415075,,
FFXCUS0091,City Bike,IN,Uttar Pradesh,UP,Allahabad,211001,9455529991 / 0532-3200443,"43/11, First Floor",Sardar Patel Marg,customercare@firefoxbikes.com,25.45775,81.835747,,
FFXCUS0101,Sarna Traders,IN,Uttar Pradesh,UP,Kanpur,208001,9369525757 / 7080628093,"122/68 , Opposite Shani Mandir",,customercare@firefoxbikes.com,,,,
FFXCUS0108,Rama Cycle Store,IN,Uttar Pradesh,UP,Muzaffarnagar,251001,91-9412486336 / 91-9897458585 / 91-9760496336,Roorkee Road,Anand Bhawan,customercare@firefoxbikes.com,29.473373,77.696473,,
FFXCUS0110,Rajesh Cycles Trading Co.,IN,Uttar Pradesh,UP,Noida,276001,9810040925,H-2,"Sector-9, Noida",customercare@firefoxbikes.com,28.5858983,77.3245531,,
FFXCUS0111,Cyclofit Cycles &amp; Sports,IN,Uttar Pradesh,UP,Ghaziabad,201014,0120-4294534,"Plot No.68, Ahinsa Khand Ii",Opposite Jaipuria Plaza Mall,customercare@firefoxbikes.com,28.640151,77.378758,,
FFXCUS0324,M/s Jay Engineering and electronics,IN,Uttar Pradesh,UP,Moradabad,244001,9837019939,Wave Mall Road,Ram Ganga Vihar Phase  Ii,customercare@firefoxbikes.com,28.872795,78.752216,,
FFXCUS10235,M/S SHIV CYCLE CORNER,IN,Uttar Pradesh,UP,Ghaziabad,201001,9871638417,"15, NAVYUG MARKET",,customercare@firefoxbikes.com,,,,
FFXCUS10334,VASU CYCLE ZONE-MEERUT,IN,Uttar Pradesh,UP,Meerut,250001,7983396362,"333, Roshanpur doorli","roorkee road, meerut",customercare@firefoxbikes.com,,,,
FFXCUS1049,Agarwal Cycles,IN,Uttar Pradesh,UP,Lucknow,226010,8400900705,"3/187, Vivek Khand - 3","Below Spencers, Near Neelkanth Sweets",customercare@firefoxbikes.com,26.856996,80.998033,,
FFXCUS1049,Agarwal Cycle &amp; Fitness,IN,Uttar Pradesh,UP,Lucknow,226016,91-9839905054,"Marutipuram, Indra Nagar",Opp. Lekhraj Khazana Market,customercare@firefoxbikes.com,26.871471,80.97559,,
FFXCUS1049,Agarwal Cycle &amp; Fitness,IN,Uttar Pradesh,UP,Lucknow,226005,"91-8400900710,0522-4022831","Barabirwa, Kanpur Road",Opposite Phoenix Mall,customercare@firefoxbikes.com,26.800683,80.895031,,
FFXCUS10792,APAR CYCLE STORE-SHAHJAHANPUR,IN,Uttar Pradesh,UP,Shahjahanpur,242001,9935414358,Sunheri maszid,mandi more,customercare@firefoxbikes.com,,,,
FFXCUS12444,HAPPY SONS-KANPUR,IN,Uttar Pradesh,UP,Kanpur,208011,9500719073,"N-39, Hamirpur road",Kidwai nagar,customercare@firefoxbikes.com,,,,
FFXCUS1399,Varenya Trading Corporation,IN,Uttar Pradesh,UP,Varanasi,221103,7379056549 / 9336921616,Shivdaspur Lahartara,,customercare@firefoxbikes.com,,,,
FFXCUS1400,Wadhwa Cycle Store,IN,Uttar Pradesh,UP,Meerut,250001,9457419674 /  9837817360,"Lal Kurti,"," Meerut Cantt, ",customercare@firefoxbikes.com,28.9976491,77.7084982,,
FFXCUS1910,Cyclofit,IN,Uttar Pradesh,UP,Noida,201306,8510082082 / 9717920517,Shop No - 1,"Wave Silver Tower, Near Bikanerwala",customercare@firefoxbikes.com,28.571648,77.32497,,
FFXCUS1910,The Bicycle World,IN,Uttar Pradesh,UP,Greater Noida,201310,9990687700 / 9718277171,"S-1, Gamma -1",,customercare@firefoxbikes.com,28.48208,77.498256,,
FFXCUS2474,Maa shakti cycle store,IN,Uttar Pradesh,UP,Lucknow,226016,9415547480,D-1391/4 Indira Nagar,Lucknow,customercare@firefoxbikes.com,26.879798,80.995694,,
FFXCUS3081,Pedals &amp; Gears,IN,Uttar Pradesh,UP,Noida,201303,9654488788,"Plot no- AS 01, ",,customercare@firefoxbikes.com,28.5404855,77.3674729,,
FFXCUS3616,Evancy Enterprises,IN,Uttar Pradesh,UP,Meerut,250004,91-8909557307 / 0121-4057307,"Ground Floor, S2s Plaza",Near Garh Bus Stand,customercare@firefoxbikes.com,28.970145,77.723025,,
FFXCUS3679,Dakshita Enterprises,IN,Uttar Pradesh,UP,Mathura,281001,9728880623 / 9720680623,Near Goverdhan Palace NH-2,,customercare@firefoxbikes.com,,,,
FFXCUS5097,Cycle World,IN,Uttar Pradesh,UP,Jhansi,284002,9794430303 /  9936997777,,,customercare@firefoxbikes.com,,,,
FFXCUS7334,Cycle Planet,IN,Uttar Pradesh,UP,Ghaziabad,201017,9711070588,Shop No. 4,Golden View Resort,customercare@firefoxbikes.com,,,,
FFXCUS8152,Sport Sthal,IN,Uttar Pradesh,UP,Ghaziabad,201002,9667386644 / 0120-4129862,"C-50, RDC ",,customercare@firefoxbikes.com,,,,
FFXCUS8220,VES Retail,IN,Uttar Pradesh,UP,Greater Noida,201318,9650128111 / 9871874555 / 9315528255,"Shop Number GF-26, Galleria Market, Gaur City - 2, ",Greater Noida West,customercare@firefoxbikes.com,28.619339,77.4216165,,
FFXCUS8648,National Distributors,IN,Uttar Pradesh,UP,Allahabad,211003,9335125322,14-Nov,,customercare@firefoxbikes.com,,,,
FFXCUS8868,R K Cycle Stores,IN,Uttar Pradesh,UP,Lucknow,226025,9044282362,Raebarelly Road,Lucknow,customercare@firefoxbikes.com,26.774633,80.943625,,
FFXCUS9975,Pedal Pro's,IN,Uttar Pradesh,UP,Kanpur,208002,7317044777,Azad Nagar,,customercare@firefoxbikes.com,26.502322,80.30907,,
FFXCUS4607,Sai Enterprise ,IN,Uttarakhand,UK,Rishikesh,249201,9719134433,Heera Lal Marg,,customercare@firefoxbikes.com,,,,
FFXCUS0076,Haldwani Bike Station,IN,Uttrakhand,UK,Haldwani,263139,9359410554,"J K Towers,  Vaishali,",Nainital Road,customercare@firefoxbikes.com,29.242322,79.535726,,
FFXCUS0087,Guru Arjan Cycle Store,IN,Uttrakhand,UK,Roorkee,247667,9997763737 / 9927473120 / 01332-272864,"11, Civil Lines",Opposite Sudarshan Plaza,customercare@firefoxbikes.com,29.873391,77.88903,,
FFXCUS0102,Sai Enterprises,IN,Uttrakhand,UK,Haridwar,249407,9719134433,Arya Nagar Kankhal road ,Near Trackon Courier service ,customercare@firefoxbikes.com,,,,
FFXCUS0106,RWM ENTERPRISES,IN,Uttrakhand,UK,Dehradun,248001,9760390933,"SHOP NO.293/274,",,customercare@firefoxbikes.com,,,,
FFXCUS0106,RWM ENTERPRISES-DEHRADUN,IN,Uttrakhand,UK,Dehradun,248001,9760390933,(Urban Trail Blazer) 1st floor rajender nagar,kaulagarh road,customercare@firefoxbikes.com,,,,
FFXCUS10245,Bharat Cycle Works,IN,Uttrakhand,UK,Garhwal,246149,9837322008,"DEVI ROAD, RED LIGHT","CHOWRAHA, NEAR SIDHBALI SWEET SHOP",customercare@firefoxbikes.com,,,,
FFXCUS12921,TANEJA CYCLE WORKS-DEHRADUN,IN,Uttrakhand,UK,Dehradun,248001,9837478850,"05, Turner Road",,customercare@firefoxbikes.com,,,,
FFXCUS1912,Ahuja &amp; Co.,IN,Uttrakhand,UK,Dehradun,248001,7310806655,"1-17, Nehru Colony,",Near Water Tank,customercare@firefoxbikes.com,,,,
FFXCUS8159,Thukral Cycle Store,IN,Uttrakhand,UK,Rudrapur,263153,9917215227,Near Jaycees public school,,customercare@firefoxbikes.com,,,,
FFXCUS8643,Kabir Enterprises,IN,Uttrakhand,UK,Kichha,263148,9917069300,,,customercare@firefoxbikes.com,,,,
FFXCUS8871,Bike Station Haldwani,IN,Uttrakhand,UK,Almora,263601,9690666776,Almora,,customercare@firefoxbikes.com,,,,
FFXCUS9141,Bikes Station Haldwani,IN,Uttrakhand,UK,Pithoragarh,262501,9690666776,,,customercare@firefoxbikes.com,29.242318,79.535732,,
FFXCUS0118,The Jalpai Motor &amp; Cycle Co.,IN,West Bengal,WB,Siliguri,734003,9775716515,Galaxy House,Near P.C Mittal Bus Stand,customercare@firefoxbikes.com,26.741548,88.43564,,
FFXCUS0118,The Jalpai Motor &amp; Cycle Co.,IN,West Bengal,WB,Siliguri,734001,91-9800068000,"74/2, Hill Cart Road",,customercare@firefoxbikes.com,26.714603,88.42325,,
FFXCUS0128,U.P. Cycle Stores,IN,West Bengal,WB,Kolkata,700069,9831307009 / 033-22360197,"66, Bentinck Street",Ground Floor,customercare@firefoxbikes.com,22.568341,88.353052,,
FFXCUS11114,Firefox Bike Station - Galaxy,IN,West Bengal,WB,Kolkata,700029,033-24658353 / 9073133011,42 Gariahat Road,Golpark,customercare@firefoxbikes.com,,,,
FFXCUS6682,Mukherjee Cycle Stores,IN,West Bengal,WB,Kolkata,700124,9830350401 /  033-25523105,"18 B, Taki Road, Champadali More,","Opposite Bijaya Cinema Hall, Barasat, North 24 Parganas",customercare@firefoxbikes.com,31.126,89.716,,
FFXCUS7209,SR Cycle World,IN,West Bengal,WB,Durgapur,713216,7063168849 / 9733179720,Central market,Beside Adda Office,customercare@firefoxbikes.com,23.5368725,87.2967162,,
FFXCUS7652,GHOSH CYCLE COMPANY-KOLKATA,IN,West Bengal,WB,KOLKATA,700084,7044659585,"4069,4070, SOUTH HIGH BASEMENT,","GARIA MAIN ROAD,GARIA",customercare@firefoxbikes.com,,,,
FFXCUS9861,DEEPAK CYCLE CO-DARJEELING,IN,West Bengal,WB,DARJEELING,734001,9742835168,"132  HILL CART ROAD,",SILIGURI,customercare@firefoxbikes.com,,,,
