[
{"ID":"","c__frameSize":"","c__color":"","variants":""},
{"ID":"101421911","c__frameSize":"23","c__color":"Blue","variants":""},
{"ID":"101421911_main","c__frameSize":"","c__color":"","variants":"101421911"},
{"ID":"101630811","c__frameSize":"24","c__color":"Pink","variants":""},
{"ID":"101630811_main","c__frameSize":"","c__color":"","variants":"101630831;101630811"},
{"ID":"101630831","c__frameSize":"24","c__color":"Grey","variants":""},
{"ID":"101632811","c__frameSize":"23","c__color":"Blue","variants":""},
{"ID":"101632811_main","c__frameSize":"","c__color":"","variants":"101632811"},
{"ID":"102064111","c__frameSize":"24","c__color":"Grey","variants":""},
{"ID":"102064111_main","c__frameSize":"","c__color":"","variants":"102064111"},
{"ID":"102064311","c__frameSize":"25.4","c__color":"Blue","variants":""},
{"ID":"102064311_main","c__frameSize":"","c__color":"","variants":"102064311"},
{"ID":"102064711","c__frameSize":"25.4","c__color":"Black","variants":""},
{"ID":"102064711_main","c__frameSize":"","c__color":"","variants":"102064711"},
{"ID":"102472411","c__frameSize":"35.5","c__color":"Yellow","variants":""},
{"ID":"102472411_main","c__frameSize":"","c__color":"","variants":"102472411"},
{"ID":"102680531","c__frameSize":"38","c__color":"Blue","variants":""},
{"ID":"102680531_main","c__frameSize":"","c__color":"","variants":"102680531;102680541"},
{"ID":"102680541","c__frameSize":"38","c__color":"Pink","variants":""},
{"ID":"111421011","c__frameSize":"20","c__color":"Orange","variants":""},
{"ID":"111421011_main","c__frameSize":"","c__color":"","variants":"111421011"},
{"ID":"111421111","c__frameSize":"21","c__color":"Black","variants":""},
{"ID":"111421111_main","c__frameSize":"","c__color":"","variants":"111421121;111421111"},
{"ID":"111421121","c__frameSize":"21","c__color":"Blue","variants":""},
{"ID":"111630111","c__frameSize":"20","c__color":"Red","variants":""},
{"ID":"111630111_main","c__frameSize":"","c__color":"","variants":"111630111"},
{"ID":"111630911_main","c__frameSize":"","c__color":"","variants":"111630921"},
{"ID":"111630921","c__frameSize":"24","c__color":"Yellow","variants":""},
{"ID":"111631211_main","c__frameSize":"","c__color":"","variants":"111631221"},
{"ID":"111631221","c__frameSize":"20","c__color":"Pink","variants":""},
{"ID":"111632911","c__frameSize":"27","c__color":"Black","variants":""},
{"ID":"111632911_main","c__frameSize":"","c__color":"","variants":"111632911"},
{"ID":"111633011","c__frameSize":"27","c__color":"Blue","variants":""},
{"ID":"111633011_main","c__frameSize":"","c__color":"","variants":"111633011"},
{"ID":"111800111","c__frameSize":"25.4","c__color":"Black","variants":""},
{"ID":"111800111_main","c__frameSize":"","c__color":"","variants":"111800111"},
{"ID":"111800211","c__frameSize":"25.4","c__color":"Blue","variants":""},
{"ID":"111800211_main","c__frameSize":"","c__color":"","variants":"111800211"},
{"ID":"112050411_main","c__frameSize":"","c__color":"","variants":"112050421"},
{"ID":"112050421","c__frameSize":"33","c__color":"Black","variants":""},
{"ID":"112061041","c__frameSize":"25.4","c__color":"Black","variants":""},
{"ID":"112061041_main","c__frameSize":"","c__color":"","variants":"112061041"},
{"ID":"112061811_main","c__frameSize":"","c__color":"","variants":"112061841"},
{"ID":"112061841","c__frameSize":"27","c__color":"Black","variants":""},
{"ID":"112061911_main","c__frameSize":"","c__color":"","variants":"112061921"},
{"ID":"112061921","c__frameSize":"27","c__color":"Green","variants":""},
{"ID":"112062011","c__frameSize":"30","c__color":"Grey","variants":""},
{"ID":"112062011_main","c__frameSize":"","c__color":"","variants":"112062011"},
{"ID":"112062031","c__frameSize":"30","c__color":"Grey","variants":""},
{"ID":"112062911","c__frameSize":"27","c__color":"Black","variants":""},
{"ID":"112062911_main","c__frameSize":"","c__color":"","variants":"112062911"},
{"ID":"112062931","c__frameSize":"27","c__color":"Black","variants":""},
{"ID":"112064211","c__frameSize":"27","c__color":"Black","variants":""},
{"ID":"112064211_main","c__frameSize":"","c__color":"","variants":"112064211"},
{"ID":"112064411","c__frameSize":"25.4","c__color":"Blue","variants":""},
{"ID":"112064411_main","c__frameSize":"","c__color":"","variants":"112064411"},
{"ID":"112064511","c__frameSize":"25.4","c__color":"Black","variants":""},
{"ID":"112064511_main","c__frameSize":"","c__color":"","variants":"112064511"},
{"ID":"112064611","c__frameSize":"32","c__color":"Green","variants":""},
{"ID":"112064611_main","c__frameSize":"","c__color":"","variants":"112064611"},
{"ID":"112470721","c__frameSize":"35.5","c__color":"Black","variants":""},
{"ID":"112470721_main","c__frameSize":"","c__color":"","variants":"112470721"},
{"ID":"112471341_main","c__frameSize":"","c__color":"","variants":"112471371;112471361"},
{"ID":"112471361","c__frameSize":"35.5","c__color":"Black","variants":""},
{"ID":"112471371","c__frameSize":"35.5","c__color":"Green","variants":""},
{"ID":"112471711","c__frameSize":"32","c__color":"Black","variants":""},
{"ID":"112471711_main","c__frameSize":"","c__color":"","variants":"112471711"},
{"ID":"112471811","c__frameSize":"40","c__color":"Black","variants":""},
{"ID":"112471811_main","c__frameSize":"","c__color":"","variants":"112471811"},
{"ID":"112471931","c__frameSize":"35.5","c__color":"Blue","variants":""},
{"ID":"112471931_main","c__frameSize":"","c__color":"","variants":"112471931"},
{"ID":"112472011","c__frameSize":"35.5","c__color":"Red","variants":""},
{"ID":"112472021","c__frameSize":"35.5","c__color":"Black","variants":""},
{"ID":"112472021_main","c__frameSize":"","c__color":"","variants":"112472011;112472021"},
{"ID":"112472311","c__frameSize":"27","c__color":"Silver","variants":""},
{"ID":"112472311_main","c__frameSize":"","c__color":"","variants":"112472311"},
{"ID":"112472511","c__frameSize":"38","c__color":"Green","variants":""},
{"ID":"112472511_main","c__frameSize":"","c__color":"","variants":"112472511"},
{"ID":"112680711_main","c__frameSize":"","c__color":"","variants":"112680771"},
{"ID":"112680771","c__frameSize":"38","c__color":"Grey","variants":""},
{"ID":"112681441","c__frameSize":"35.5","c__color":"Black","variants":""},
{"ID":"112681441_main","c__frameSize":"","c__color":"","variants":"112681441"},
{"ID":"112681471","c__frameSize":"35.5","c__color":"Black","variants":""},
{"ID":"112681821","c__frameSize":"46","c__color":"Black","variants":""},
{"ID":"112681821_main","c__frameSize":"","c__color":"","variants":"112681821"},
{"ID":"112682551_main","c__frameSize":"","c__color":"","variants":"112682561;112682571"},
{"ID":"112682561","c__frameSize":"43","c__color":"Pink","variants":""},
{"ID":"112682571","c__frameSize":"38","c__color":"Silver","variants":""},
{"ID":"112683631_main","c__frameSize":"","c__color":"","variants":"112683664;112683654;112683662;112683652;112683661;112683651"},
{"ID":"112683651","c__frameSize":"46","c__color":"Grey","variants":""},
{"ID":"112683652","c__frameSize":"50","c__color":"Grey","variants":""},
{"ID":"112683654","c__frameSize":"53","c__color":"Grey","variants":""},
{"ID":"112683661","c__frameSize":"46","c__color":"Red","variants":""},
{"ID":"112683662","c__frameSize":"50","c__color":"Red","variants":""},
{"ID":"112683664","c__frameSize":"53","c__color":"Red","variants":""},
{"ID":"112684231","c__frameSize":"46","c__color":"Red","variants":""},
{"ID":"112684231_main","c__frameSize":"","c__color":"","variants":"112684241;112684243;112684231;112684242;112684233;112684232"},
{"ID":"112684232","c__frameSize":"50","c__color":"Red","variants":""},
{"ID":"112684233","c__frameSize":"53","c__color":"Red","variants":""},
{"ID":"112684241","c__frameSize":"46","c__color":"Grey","variants":""},
{"ID":"112684242","c__frameSize":"50","c__color":"Grey","variants":""},
{"ID":"112684243","c__frameSize":"53","c__color":"Grey","variants":""},
{"ID":"112684431","c__frameSize":"46","c__color":"Black","variants":""},
{"ID":"112684431_main","c__frameSize":"","c__color":"","variants":"112684444;112684442;112684441;112684434;112684432;112684431"},
{"ID":"112684432","c__frameSize":"50","c__color":"Black","variants":""},
{"ID":"112684434","c__frameSize":"53","c__color":"Black","variants":""},
{"ID":"112684441","c__frameSize":"46","c__color":"Silver","variants":""},
{"ID":"112684442","c__frameSize":"50","c__color":"Silver","variants":""},
{"ID":"112684444","c__frameSize":"53","c__color":"Silver","variants":""},
{"ID":"112685321","c__frameSize":"38","c__color":"Black","variants":""},
{"ID":"112685321_main","c__frameSize":"","c__color":"","variants":"112685321"},
{"ID":"112685811_main","c__frameSize":"","c__color":"","variants":"112685822;112685821;112685842;112685841"},
{"ID":"112685821","c__frameSize":"46","c__color":"Blue","variants":""},
{"ID":"112685822","c__frameSize":"50","c__color":"Blue","variants":""},
{"ID":"112685841","c__frameSize":"46","c__color":"Red","variants":""},
{"ID":"112685842","c__frameSize":"50","c__color":"Red","variants":""},
{"ID":"112687111","c__frameSize":"40","c__color":"Black","variants":""},
{"ID":"112687111_main","c__frameSize":"","c__color":"","variants":"112687111"},
{"ID":"112689211","c__frameSize":"46","c__color":"Black","variants":""},
{"ID":"112689211_main","c__frameSize":"","c__color":"","variants":"112689222;112689221;112689212;112689211"},
{"ID":"112689212","c__frameSize":"50","c__color":"Black","variants":""},
{"ID":"112689221","c__frameSize":"46","c__color":"Blue","variants":""},
{"ID":"112689222","c__frameSize":"50","c__color":"Blue","variants":""},
{"ID":"112689311","c__frameSize":"43","c__color":"Orange","variants":""},
{"ID":"112689311_main","c__frameSize":"","c__color":"","variants":"112689312;112689311"},
{"ID":"112689312","c__frameSize":"47","c__color":"Orange","variants":""},
{"ID":"112689411","c__frameSize":"39","c__color":"Green","variants":""},
{"ID":"112689411_main","c__frameSize":"","c__color":"","variants":"112689411"},
{"ID":"112787811","c__frameSize":"43","c__color":"Orange","variants":""},
{"ID":"112787811_main","c__frameSize":"","c__color":"","variants":"112787822;112787821;112787812;112787811"},
{"ID":"112787812","c__frameSize":"48","c__color":"Orange","variants":""},
{"ID":"112787821","c__frameSize":"43","c__color":"Blue","variants":""},
{"ID":"112787822","c__frameSize":"48","c__color":"Blue","variants":""},
{"ID":"112788511","c__frameSize":"43","c__color":"Grey","variants":""},
{"ID":"112788511_main","c__frameSize":"","c__color":"","variants":"112788512;112788511"},
{"ID":"112788512","c__frameSize":"46","c__color":"Grey","variants":""},
{"ID":"112788711","c__frameSize":"43","c__color":"Blue","variants":""},
{"ID":"112788711_main","c__frameSize":"","c__color":"","variants":"112788712;112788711"},
{"ID":"112788712","c__frameSize":"47","c__color":"Blue","variants":""},
{"ID":"112788811","c__frameSize":"43","c__color":"Red","variants":""},
{"ID":"112788811_main","c__frameSize":"","c__color":"","variants":"112788812;112788811"},
{"ID":"112788812","c__frameSize":"47","c__color":"Red","variants":""},
{"ID":"112788911","c__frameSize":"47","c__color":"Black","variants":""},
{"ID":"112788911_main","c__frameSize":"","c__color":"","variants":"112788911"},
{"ID":"112789511","c__frameSize":"46","c__color":"Black","variants":""},
{"ID":"112789511_main","c__frameSize":"","c__color":"","variants":"112789512;112789511"},
{"ID":"112789512","c__frameSize":"50","c__color":"Black","variants":""},
{"ID":"112789611","c__frameSize":"38","c__color":"Blue","variants":""},
{"ID":"112789611_main","c__frameSize":"","c__color":"","variants":"112789611"},
{"ID":"112789711","c__frameSize":"50","c__color":"Black","variants":""},
{"ID":"112789711_main","c__frameSize":"","c__color":"","variants":"112789712;112789711"},
{"ID":"112789712","c__frameSize":"52","c__color":"Black","variants":""},
{"ID":"112789811","c__frameSize":"44","c__color":"Blue","variants":""},
{"ID":"112789811_main","c__frameSize":"","c__color":"","variants":"112789822;112789821;112789812;112789811"},
{"ID":"112789812","c__frameSize":"48","c__color":"Blue","variants":""},
{"ID":"112789821","c__frameSize":"44","c__color":"Orange","variants":""},
{"ID":"112789822","c__frameSize":"48","c__color":"Orange","variants":""},
{"ID":"112789911","c__frameSize":"46","c__color":"Black","variants":""},
{"ID":"112789911_main","c__frameSize":"","c__color":"","variants":"112789911"},
{"ID":"112790311","c__frameSize":"43","c__color":"Blue","variants":""},
{"ID":"112790311_main","c__frameSize":"","c__color":"","variants":"112790322;112790321;112790312;112790311"},
{"ID":"112790312","c__frameSize":"46","c__color":"Blue","variants":""},
{"ID":"112790321","c__frameSize":"43","c__color":"Black","variants":""},
{"ID":"112790322","c__frameSize":"46","c__color":"Black","variants":""},
{"ID":"112790511","c__frameSize":"46","c__color":"Blue","variants":""},
{"ID":"112790511_main","c__frameSize":"","c__color":"","variants":"112790512;112790511"},
{"ID":"112790512","c__frameSize":"50","c__color":"Blue","variants":""},
{"ID":"112790711","c__frameSize":"46","c__color":"Black","variants":""},
{"ID":"112790711_main","c__frameSize":"","c__color":"","variants":"112790723;112790713;112790722;112790721;112790712;112790711"},
{"ID":"112790712","c__frameSize":"50","c__color":"Black","variants":""},
{"ID":"112790713","c__frameSize":"53","c__color":"Black","variants":""},
{"ID":"112790721","c__frameSize":"46","c__color":"Blue","variants":""},
{"ID":"112790722","c__frameSize":"50","c__color":"Blue","variants":""},
{"ID":"112790723","c__frameSize":"53","c__color":"Blue","variants":""},
{"ID":"112790811","c__frameSize":"43","c__color":"Blue","variants":""},
{"ID":"112790811_main","c__frameSize":"","c__color":"","variants":"112790812;112790811"},
{"ID":"112790812","c__frameSize":"47","c__color":"Blue","variants":""},
{"ID":"112791011","c__frameSize":"46","c__color":"Blue","variants":""},
{"ID":"112791011_main","c__frameSize":"","c__color":"","variants":"112791013;112791012;112791011"},
{"ID":"112791012","c__frameSize":"48","c__color":"Blue","variants":""},
{"ID":"112791013","c__frameSize":"53","c__color":"Blue","variants":""},
{"ID":"112791311","c__frameSize":"43","c__color":"Red","variants":""},
{"ID":"112791311_main","c__frameSize":"","c__color":"","variants":"112791311"},
{"ID":"112791511","c__frameSize":"46","c__color":"Red","variants":""},
{"ID":"112791511_main","c__frameSize":"","c__color":"","variants":"112791512;112791511"},
{"ID":"112791512","c__frameSize":"50","c__color":"Red","variants":""},
{"ID":"112791611","c__frameSize":"46","c__color":"Red","variants":""},
{"ID":"112791611_main","c__frameSize":"","c__color":"","variants":"112791611"},
{"ID":"112791711","c__frameSize":"46","c__color":"Silver","variants":""},
{"ID":"112791711_main","c__frameSize":"","c__color":"","variants":"112791711"},
{"ID":"112791811","c__frameSize":"46","c__color":"Orange","variants":""},
{"ID":"112791811_main","c__frameSize":"","c__color":"","variants":"112791812;112791811"},
{"ID":"112791812","c__frameSize":"50","c__color":"Orange","variants":""},
{"ID":"112791911","c__frameSize":"46","c__color":"Green","variants":""},
{"ID":"112791911_main","c__frameSize":"","c__color":"","variants":"112791912;112791911"},
{"ID":"112791912","c__frameSize":"50","c__color":"Green","variants":""},
{"ID":"112792011","c__frameSize":"43","c__color":"Blue","variants":""},
{"ID":"112792011_main","c__frameSize":"","c__color":"","variants":"112792013;112792012;112792011"},
{"ID":"112792012","c__frameSize":"47","c__color":"Blue","variants":""},
{"ID":"112792013","c__frameSize":"50","c__color":"Blue","variants":""},
{"ID":"112990151","c__frameSize":"44","c__color":"Orange","variants":""},
{"ID":"112990151_main","c__frameSize":"","c__color":"","variants":"112990162;112990151;112990161;112990152"},
{"ID":"112990152","c__frameSize":"48","c__color":"Orange","variants":""},
{"ID":"112990161","c__frameSize":"44","c__color":"Black","variants":""},
{"ID":"112990162","c__frameSize":"48","c__color":"Black","variants":""},
{"ID":"112990411","c__frameSize":"44","c__color":"Blue","variants":""},
{"ID":"112990411_main","c__frameSize":"","c__color":"","variants":"112990422;112990421;112990412;112990411"},
{"ID":"112990412","c__frameSize":"48","c__color":"Blue","variants":""},
{"ID":"112990421","c__frameSize":"44","c__color":"Black","variants":""},
{"ID":"112990422","c__frameSize":"48","c__color":"Black","variants":""},
{"ID":"112990511_main","c__frameSize":"","c__color":"","variants":"112990513;112990512"},
{"ID":"112990512","c__frameSize":"46","c__color":"Grey","variants":""},
{"ID":"112990513","c__frameSize":"48","c__color":"Grey","variants":""},
{"ID":"112991011_main","c__frameSize":"","c__color":"","variants":"112991023;112991013;112991022;112991012"},
{"ID":"112991012","c__frameSize":"46","c__color":"Black","variants":""},
{"ID":"112991013","c__frameSize":"48","c__color":"Black","variants":""},
{"ID":"112991022","c__frameSize":"46","c__color":"Red","variants":""},
{"ID":"112991023","c__frameSize":"48","c__color":"Red","variants":""},
{"ID":"112991111","c__frameSize":"43","c__color":"Blue","variants":""},
{"ID":"112991111_main","c__frameSize":"","c__color":"","variants":"112991122;112991121;112991112;112991111"},
{"ID":"112991112","c__frameSize":"47","c__color":"Blue","variants":""},
{"ID":"112991121","c__frameSize":"43","c__color":"Red","variants":""},
{"ID":"112991122","c__frameSize":"47","c__color":"Red","variants":""},
{"ID":"112991211","c__frameSize":"46","c__color":"Blue","variants":""},
{"ID":"112991211_main","c__frameSize":"","c__color":"","variants":"112991222;112991221;112991212;112991211"},
{"ID":"112991212","c__frameSize":"50","c__color":"Blue","variants":""},
{"ID":"112991221","c__frameSize":"46","c__color":"Orange","variants":""},
{"ID":"112991222","c__frameSize":"50","c__color":"Orange","variants":""},
{"ID":"112991411","c__frameSize":"44","c__color":"Red","variants":""},
{"ID":"112991411_main","c__frameSize":"","c__color":"","variants":"112991412;112991411"},
{"ID":"112991412","c__frameSize":"48","c__color":"Red","variants":""},
{"ID":"112991511","c__frameSize":"46","c__color":"Red","variants":""},
{"ID":"112991511_main","c__frameSize":"","c__color":"","variants":"112991522;112991521;112991512;112991511"},
{"ID":"112991512","c__frameSize":"48","c__color":"Red","variants":""},
{"ID":"112991521","c__frameSize":"46","c__color":"Blue","variants":""},
{"ID":"112991522","c__frameSize":"48","c__color":"Blue","variants":""},
{"ID":"112991611","c__frameSize":"46","c__color":"Blue","variants":""},
{"ID":"112991611_main","c__frameSize":"","c__color":"","variants":"112991611"},
{"ID":"112991711","c__frameSize":"46","c__color":"Green","variants":""},
{"ID":"112991711_main","c__frameSize":"","c__color":"","variants":"112991711"},
{"ID":"112991811","c__frameSize":"43","c__color":"Red","variants":""},
{"ID":"112991811_main","c__frameSize":"","c__color":"","variants":"112991812;112991811"},
{"ID":"112991812","c__frameSize":"48","c__color":"Red","variants":""},
{"ID":"112992311_main","c__frameSize":"","c__color":"","variants":""},
{"ID":"112992411","c__frameSize":"46","c__color":"Green","variants":""},
{"ID":"112992411_main","c__frameSize":"","c__color":"","variants":"112992422;112992421;112992412;112992411"},
{"ID":"112992412","c__frameSize":"48","c__color":"Green","variants":""},
{"ID":"112992421","c__frameSize":"46","c__color":"Yellow","variants":""},
{"ID":"112992422","c__frameSize":"48","c__color":"Yellow","variants":""},
{"ID":"PS1","c__frameSize":"","c__color":"","variants":""},
{"ID":"PS2","c__frameSize":"","c__color":"","variants":""},
{"ID":"PS3","c__frameSize":"","c__color":"","variants":""},
{"ID":"PS4","c__frameSize":"","c__color":"","variants":""},
{"ID":"PS6","c__frameSize":"","c__color":"","variants":""}
]
