[
    {
        "ID": "SHLE27GYGY02HM_main",
        "c__color": "",
        "variants": "SHLE27GYGY02HM;SHLE27BLBL01HM"
    },
    {
        "ID": "SHLE27GYGY02HM",
        "c__color": "GRAY",
        "variants": ""
    },
    {
        "ID": "SHLE27BLBL01HM",
        "c__color": "BLUE",
        "variants": ""
    },
    {
        "ID": "SHLE27BLBL02HM_main",
        "c__color": "",
        "variants": "SHLE27BLBL02HM;SHLE27BKBK05HM"
    },
    {
        "ID": "SHLE27BLBL02HM",
        "c__color": "BLUE",
        "variants": ""
    },
    {
        "ID": "SHLE27BKBK05HM",
        "c__color": "BLACK",
        "variants": ""
    },
    {
        "ID": "SHLE70SLBK03HM_main",
        "c__color": "",
        "variants": "SHLE70SLBK03HM;SHLE70BLBK04HM"
    },
    {
        "ID": "SHLE70SLBK03HM",
        "c__color": "SILVER",
        "variants": ""
    },
    {
        "ID": "SHLE70BLBK04HM",
        "c__color": "BLUE",
        "variants": ""
    },
    {
        "ID": "SHLE27GYBK09HM_main",
        "c__color": "",
        "variants": "SHLE27GYBK09HM;SHLE27BLBL04HM"
    },
    {
        "ID": "SHLE27GYBK09HM",
        "c__color": "GRAY",
        "variants": ""
    },
    {
        "ID": "SHLE27BLBL04HM",
        "c__color": "BLUE",
        "variants": ""
    },
    {
        "ID": "SHLE27GYGY03HM_main",
        "c__color": "",
        "variants": "SHLE27GYGY03HM;SHLE27BLBL03HM"
    },
    {
        "ID": "SHLE27GYGY03HM",
        "c__color": "GRAY",
        "variants": ""
    },
    {
        "ID": "SHLE27BLBL03HM",
        "c__color": "BLUE",
        "variants": ""
    },
    {
        "ID": "SHLE70BKBK01HM_main",
        "c__color": "",
        "variants": "SHLE70BKBK01HM;SHLE70RDBK03HM"
    },
    {
        "ID": "SHLE70BKBK01HM",
        "c__color": "BLACK",
        "variants": ""
    },
    {
        "ID": "SHLE70RDBK03HM",
        "c__color": "RED",
        "variants": ""
    },
    {
        "ID": "SHLE27BKBK01HM_main",
        "c__color": "",
        "variants": "SHLE27BKBK01HM;SHLE27YLBK01HM"
    },
    {
        "ID": "SHLE27BKBK01HM",
        "c__color": "BLACK",
        "variants": ""
    },
    {
        "ID": "SHLE27YLBK01HM",
        "c__color": "YELLOW",
        "variants": ""
    },
    {
        "ID": "SHLE20BRBR01HM_main",
        "c__color": "",
        "variants": "SHLE20BRBR01HM;SHLE20SLSL01HM"
    },
    {
        "ID": "SHLE20BRBR01HM",
        "c__color": "BROWN",
        "variants": ""
    },
    {
        "ID": "SHLE20SLSL01HM",
        "c__color": "SILVER",
        "variants": ""
    }
]